name,organization,homepage,logo,twitter,crunchbase_url,funding,member,relation,tag,license,headquarters,description,crunchbase_description,crunchbase_homepage,crunchbase_city,crunchbase_region,crunchbase_country,crunchbase_twitter,crunchbase_linkedin,crunchbase_ticker,crunchbase_kind,crunchbase_min_employees,crunchbase_max_employees,category,subcategory,oss,github_repo,github_stars,github_description,github_latest_commit_date,github_latest_commit_link,github_latest_release_date,github_latest_release_link,github_start_commit_date,github_start_commit_link,github_contributors_count,github_contributors_link,accepted,incubation,graduated,dev_stats_url,artwork_url,blog_url,mailing_list_url,slack_url,youtube_url,chat_channel,last_audit_date,last_audit_url
Ansible,,https://www.ansible.com,logos/2cc60641844feedf71074606ef7ac7d3903b0c32e9363ab2218068b35b6e24fc.png,,,,,full-open-source,executor,GNU General Public License v3.0,,"Ansible is a simple, agentless IT automation platform that makes your applications and systems easier to deploy. It's particularly popular in network automation for its ease of use and extensive module library.",,,,,,,,,,,,Automation Tooling,Continuous Configuration Automation (CCA),true,https://github.com/ansible/ansible,67760,"Ansible is a radically simple IT automation platform that makes your applications and systems easier to deploy and maintain. Automate everything from code deployment to network configuration to cloud management, in a language that approaches plain English, using SSH, with no agents to install on remote systems. https://docs.ansible.com.",2026-01-23,https://github.com/ansible/ansible/commit/ade3d2c3ff61ef957c87122f8b31a4b8e8713771,2025-12-09,https://github.com/ansible/ansible/releases/tag/v2.20.1,2012-02-23,https://github.com/ansible/ansible/commit/f31421576b00f0b167cdbe61217c31c21a41ac02,6925,https://github.com/ansible/ansible/graphs/contributors,,,,,,https://www.ansible.com/blog,,,,,,
anta,,https://anta.arista.com/stable/,logos/d0ef608e9418d635b26d39ec3d7769c70e04cc3c4ca31486ef411e22e0c57805.png,,,,,full-open-source,observability,Apache License 2.0,,Arista Network Test Automation (ANTA) Framework is a Python framework that automates tests for Arista devices.,,,,,,,,,,,,Network state,"Testing, Compliance & Querying",true,https://github.com/aristanetworks/anta,74,What do you call an ant with frogs legs?,2026-01-21,https://github.com/aristanetworks/anta/commit/ae6d35e20b18035e254791482ef3ed80a26a854a,2025-12-17,https://github.com/aristanetworks/anta/releases/tag/v1.7.0,2022-02-07,https://github.com/aristanetworks/anta/commit/9130e5939ab545dc4f53b984416f934c7e84176b,26,https://github.com/aristanetworks/anta/graphs/contributors,,,,,,,,,,,,
Apache Airflow,,https://airflow.apache.org,logos/238f83b507400ed1465c4140bafe0e841c81c208bb81a8c66f987b42d429970a.png,,,,,full-open-source,orchestration,Apache License 2.0,,"Apache Airflow is an open-source platform that allows for the programmatic creation, scheduling, and monitoring of workflows. It is widely used for orchestrating complex data pipelines and automating tasks across a wide range of industries.",,,,,,,,,,,,Automation Tooling,Workflow DAGs,true,https://github.com/apache/airflow,43986,"Apache Airflow - A platform to programmatically author, schedule, and monitor workflows",2026-01-23,https://github.com/apache/airflow/commit/66c87729271c98ca8dc62d3f3c5a660ca21ba818,2026-01-13,https://github.com/apache/airflow/releases/tag/airflow-ctl/0.1.1,2014-10-06,https://github.com/apache/airflow/commit/1047940ca4363b04044c4963b9c88f7632746407,4101,https://github.com/apache/airflow/graphs/contributors,,,,,,https://airflow.apache.org/blog,,https://apache-airflow.slack.com/,,,,
Atlantis,,https://www.runatlantis.io,logos/6c8a67fbfbae4bb92f4836e046140a902e88d34dcc3f4f34f1db77ccf6032be1.png,,,,,full-open-source,orchestration,Apache License 2.0,,"Atlantis is a tool for collaborating on Terraform through GitHub, GitLab and Bitbucket. It allows teams to review and approve Terraform changes through pull requests, enabling safer and more collaborative infrastructure changes. While pioneering GitOps workflows, it has significant scaling limitations and single-server architecture bottlenecks that make it unsuitable for large teams.",,,,,,,,,,,,Terraform Eco-System,TACOS (Terraform Automation and Collaboration tools),true,https://github.com/runatlantis/atlantis,8783,Terraform Pull Request Automation,2026-01-23,https://github.com/runatlantis/atlantis/commit/c2848104524154c5988966f83b2bebf8d57950d8,2025-12-29,https://github.com/runatlantis/atlantis/releases/tag/v0.39.0,2017-05-25,https://github.com/runatlantis/atlantis/commit/e9facc3bc9ab9af793eacca2103a8727f52798e5,470,https://github.com/runatlantis/atlantis/graphs/contributors,,,,,,,,,https://www.youtube.com/@atlantis4914,,,
AVD,,https://avd.arista.com,logos/0db22a0d8a7c0338276422ef9ddb67dd94c541e5379c45aea710c812555f64ff.png,,,,,full-open-source,execution,Apache License 2.0,,AVD (Arista Validated Designs) is an Ansible collection that can be used also as a python standalone library (PyAVD) developed by Arista Networks. It provides a set of roles and modules to automate the deployment and management of Arista EOS-based network infrastructures.,,,,,,,,,,,,Python Eco-System,Software Libraries,true,https://github.com/aristanetworks/avd,367,Arista AVD: Architect Validate Deploy,2026-01-23,https://github.com/aristanetworks/avd/commit/a99d7409afdea8cf51946f8b1b11a64e883b1831,2025-10-31,https://github.com/aristanetworks/avd/releases/tag/v5.7.2,2019-09-10,https://github.com/aristanetworks/avd/commit/4d7bf3ea2a9bed5c0ff14af619b5c94b365830de,123,https://github.com/aristanetworks/avd/graphs/contributors,,,,,,,,,,,,
AWX,,https://github.com/ansible/awx,logos/1bbab421c6a7b53b4f1208104c1bb7e7192348e4722927012b8743a4c4fb5ef9.svg,,,,,full-open-source,orchestration,Other,,"AWX is the open source upstream project for Red Hat Ansible Automation Platform. It provides a web-based user interface, REST API, and task engine for Ansible.",,,,,,,,,,,,Automation Tooling,Automation Platforms and Management,true,https://github.com/ansible/awx,15196,"AWX provides a web-based user interface, REST API, and task engine built on top of Ansible. It is one of the upstream projects for Red Hat Ansible Automation Platform.",2026-01-23,https://github.com/ansible/awx/commit/36a00ec46bd47226923298309b3387759f82f581,2024-07-02,https://github.com/ansible/awx/releases/tag/24.6.1,2013-02-28,https://github.com/ansible/awx/commit/853021a11e4a2969816b342ba779fe66b5aaa058,683,https://github.com/ansible/awx/graphs/contributors,,,,,,https://www.ansible.com/blog,,,,,,
BackBox,,https://backbox.com/,logos/ece5d62b78c9b18ce3e0c1c4686d8b2a90c8f81b6628bf26f388a34fcd234db6.jpg,,https://www.crunchbase.com/organization/backbox,,,enterprise,orchestration,,,"BackBox is an intelligent automation platform that helps organizations manage complex networks by automating critical tasks such as configuration backup, compliance checks, and network inventory management.",,,,,,,,,,,,Automation Tooling,Automation Platforms and Management,,,,,,,,,,,,,,,,,,https://backbox.com/blog/,,,,,,
Batfish,,https://www.batfish.org/,logos/432bd5e7034140a460c597bf8c7b50976eca8a8778ca80c54c91d68b606af43e.png,,,,,full-open-source,observability,Apache License 2.0,,"A network configuration analysis tool that builds a mathematical model of network behavior, allowing for advanced querying and validation.",,,,,,,,,,,,Network state,"Testing, Compliance & Querying",true,https://github.com/batfish/batfish,1333,"Batfish is a network configuration analysis tool that can find bugs and guarantee the correctness of (planned or current) network configurations. It enables network engineers to rapidly and safely evolve their network, without fear of outages or security breaches.",2026-01-23,https://github.com/batfish/batfish/commit/d953b0624f58521b7f5a64dd35ce04562775b518,2025-07-07,https://github.com/batfish/batfish/releases/tag/v2025.07.07,2014-05-29,https://github.com/batfish/batfish/commit/88fe75ea2366cbf472adfac9d23684d447d23a13,85,https://github.com/batfish/batfish/graphs/contributors,,,,,,,,,,,,
bbmp2kafka,,https://github.com/cloudflare/bbmp2kafka,logos/c40c7606562f5f4e355acfb399fcf7a8f196555919b38cb37c0c5c78f4907e4a.png,,,,,full-open-source,collector,Other,,"bbmk2pafka is an Open Source BGP Monitoring Protocol (BMP, RFC7854) receiver based on the Bio-Routing BGP/BMP library, designed to forward all BMP Monitoring messages, so specifically BGP UPDATEs and WITHDRAWs, onto a Kafka stream as protobuf messages.",,,,,,,,,,,,Telemetry and observability,Telemetry & Data Collection,true,https://github.com/cloudflare/bbmp2kafka,28,BMP to Kafka processor,2025-11-20,https://github.com/cloudflare/bbmp2kafka/commit/c347f9f73565fe1e68712c83ee0405c67165baa8,2025-08-25,https://github.com/cloudflare/bbmp2kafka/releases/tag/v1.1.0,2022-11-04,https://github.com/cloudflare/bbmp2kafka/commit/c37b80d7ad80446bda7a8b05ea4fe173c56d527d,7,https://github.com/cloudflare/bbmp2kafka/graphs/contributors,,,,,,,,,,,,
Cisco Modeling Labs,,https://www.cisco.com/c/en/us/products/cloud-systems-management/modeling-labs/index.html,logos/b7903528a34104672ce8ae07ae78c6c57d27994dab11ee2af23ca67cddc9be0d.png,,,,,commercial-only,lab,,,"Cisco Modeling Labs is a network simulation platform that allows you to design, build, and test network topologies.",,,,,,,,,,,,Labbing,Network virtualization platforms,,,,,,,,,,,,,,,,,,,,,,,,
Containerlab,,https://containerlab.srlinux.dev,logos/497c40b7cf7529258656e65ad5477eb49aa0853df101ba06d9da3b258717c8ad.png,,,,,full-open-source,lab,"BSD 3-Clause ""New"" or ""Revised"" License",,Nokia Containerlab is a container-based network emulation tool that allows you to define and deploy complex network topologies.,,,,,,,,,,,,Labbing,Network virtualization platforms,true,https://github.com/srl-labs/containerlab,2371,container-based networking labs,2026-01-19,https://github.com/srl-labs/containerlab/commit/36a35ceb6c04aab6b9e2eb1beb25af569a280f1d,2025-12-03,https://github.com/srl-labs/containerlab/releases/tag/v0.72.0,2020-08-28,https://github.com/srl-labs/containerlab/commit/3ded6d1095a39053dff4251c13d7475eaae1cee5,166,https://github.com/srl-labs/containerlab/graphs/contributors,,,,,,,,,,,,
Crosswork NSO,,https://www.cisco.com/c/en/us/products/cloud-systems-management/network-services-orchestrator/index.html,logos/0fdcfeea0ab309bf28092cf59b182f920456c00b4d9344698891033bd6899b22.png,,,,,commercial-with-trial,orchestration,,,Cisco® Network Services Orchestrator (NSO) enabled by Tail-f® is an industry-leading orchestration platform for hybrid networks. It provides comprehensive lifecycle service automation to enable you to design and deliver high-quality services faster and more easily.,,,,,,,,,,,,Automation Tooling,Automation Platforms and Management,,,,,,,,,,,,,,,,,,,,,https://www.youtube.com/@cisconsodeveloperhub492,,,
Dagster,,https://dagster.io/,logos/3030ac89ff80c2737d3e08baa66c14aaf104b39fcb96a137d304a48d2390ca20.png,,,,,full-open-source,orchestration,Apache License 2.0,,"Dagster is a data orchestrator for machine learning, analytics, and ETL. It provides a framework for building, testing, and deploying data pipelines with a focus on developer experience and operational excellence.",,,,,,,,,,,,Automation Tooling,Workflow DAGs,true,https://github.com/dagster-io/dagster,14795,"An orchestration platform for the development, production, and observation of data assets.",2026-01-23,https://github.com/dagster-io/dagster/commit/bae688661772fe220e3e5c0ccd53f6f96eca51fa,2026-01-22,https://github.com/dagster-io/dagster/releases/tag/1.12.12,2018-04-30,https://github.com/dagster-io/dagster/commit/7bd58d800766aad0c0501539b8f6ee3dbf74331c,646,https://github.com/dagster-io/dagster/graphs/contributors,,,,,,https://dagster.io/blog,,,,,,
Datadog,,https://www.datadoghq.com/,logos/2be61bec663f4051e2003b447b4475a620272490920db94d78d704e1f44db7c1.png,,https://www.crunchbase.com/organization/datadog,,,saas,observability,,,"Datadog is a monitoring and analytics platform for large-scale applications. It brings together data from servers, containers, databases, and third-party services to make your stack entirely observable.",,,,,,,,,,,,Telemetry and observability,Monitoring & Alerting,,,,,,,,,,,,,,,,,,https://www.datadoghq.com/blog/,,,https://www.youtube.com/user/DatadogHQ,,,
DiffSync,,https://diffsync.readthedocs.io/en/latest/index.html,logos/aace2c73b9323ac1ea4326e4bb08af42217f34f7d0784dd994eae913d3ff373d.png,,,,,full-open-source,sdk,Other,,DiffSync is a utility library that can be used to compare and synchronize different datasets.,,,,,,,,,,,,Python Eco-System,Software Libraries,true,https://github.com/networktocode/diffsync,176,A utility library for comparing and synchronizing different datasets.,2026-01-13,https://github.com/networktocode/diffsync/commit/0cf767037621f9aff5e2d60c9b0bfae4e54a4b64,2025-12-12,https://github.com/networktocode/diffsync/releases/tag/v2.2.0,2020-09-02,https://github.com/networktocode/diffsync/commit/4148f9b0ff03a25c6494e9b80cbcfe3415931a75,26,https://github.com/networktocode/diffsync/graphs/contributors,,,,,,,,,,,,
Digger,,https://docs.digger.dev,logos/8d3351b052f439bb01d4ad50f37e1856cda949ff3318f3acaebf2987968ea41f.png,,,,,hybrid,orchestration,MIT License,,"Digger is an open-source Infrastructure as Code orchestration tool that runs Terraform natively in your existing CI/CD pipeline. Unlike traditional TACOS that require separate infrastructure, Digger leverages your existing CI compute, orchestration, and logging while providing Terraform plan/apply automation through pull request comments, drift detection, and policy enforcement.",,,,,,,,,,,,Terraform Eco-System,TACOS (Terraform Automation and Collaboration tools),true,https://github.com/diggerhq/digger,4836,Digger is an open source IaC orchestration tool. Digger allows you to run IaC in your existing CI pipeline ⚡️  ,2026-01-23,https://github.com/diggerhq/digger/commit/f25a58285bca470ee888479c9557bf98b8a58c02,2026-01-23,https://github.com/diggerhq/digger/releases/tag/backend-ee/v0.1.7.23,2023-02-24,https://github.com/diggerhq/digger/commit/985690d44ea3f4358c0d03b518c2f6db6f470ccd,87,https://github.com/diggerhq/digger/graphs/contributors,,,,,,https://blog.digger.dev/,,https://diggertalk.slack.com/join/shared_invite/zt-1tocl4w0x-E3RkpPiK7zQkehl8O78g8Q,,,,
Elastic Stack (ELK),,https://www.elastic.co/elastic-stack/,logos/989f672fadb3cfbce4b87c9518f4bcc1ad51da7d21157e68ed7bd98044eba489.png,,https://www.crunchbase.com/organization/elastic,,,hybrid,observability,,,"Elastic Stack, formerly known as ELK Stack, is a group of open source products from Elastic designed to help users take data from any type of source and in any format and search, analyze, and visualize it in real time.",,,,,,,,,,,,Telemetry and observability,Monitoring & Alerting,,,,,,,,,,,,,,,,,,https://www.elastic.co/blog/,,,https://www.youtube.com/user/elasticsearch,,,
eNMS,,https://github.com/eNMS-automation/eNMS,logos/03ff30812e440a72b6292e88aa0e7c88b93b4d44390e0eef3342136cd74f04d3.png,,,,,full-open-source,observability,GNU General Public License v3.0,,"eNMS is a vendor-agnostic NMS designed for building workflow-based network automation solutions, with a focus on visualization, inventory management, and service scheduling.",,,,,,,,,,,,Telemetry and observability,Monitoring & Alerting,true,https://github.com/eNMS-automation/eNMS,828,An enterprise-grade vendor-agnostic network automation platform.,2025-12-30,https://github.com/eNMS-automation/eNMS/commit/5f16c853fe66c52fc9b5b519209a66e50c5d0479,2025-06-15,https://github.com/eNMS-automation/eNMS/releases/tag/v4.5,2017-11-14,https://github.com/eNMS-automation/eNMS/commit/4e177145d829be7b83ae398bd66e9d068c41cbc7,40,https://github.com/eNMS-automation/eNMS/graphs/contributors,,,,,,,,,,,,
eve-ng,,https://www.eve-ng.net,logos/c1fd6c82ccd507bd1d998d8289fe874785b25d3a928867679e5f0a34c7163b6a.png,,,,,freemium,lab,,,EVE-NG is a network emulator that supports virtualized network environments.,,,,,,,,,,,,Labbing,Network virtualization platforms,,,,,,,,,,,,,,,,,,,,,,,,
Forward Networks,,https://forwardnetworks.com,logos/b0395531b25a5b520af18046719b0d0dffea3248f353259c5934bc5b12d36141.png,,,,,enterprise,observability,,,"Forward Networks' flagship software, Forward Enterprise, delivers the best digital twin technology to the world's largest networks.",,,,,,,,,,,,Network state,Network Discovery/Assurance,,,,,,,,,,,,,,,,,,,,,,,,
Gluware,,https://www.gluware.com/,logos/1a66ac7d2955c15272eb9dfd0df5056bebedc8878a2bc4e317b70c1cdee089e4.jpg,,https://www.crunchbase.com/organization/gluware,,,enterprise,orchestration,,,"Gluware is an intelligent network automation platform that enables organizations to automate and orchestrate multi-vendor, multi-domain networks at scale, reducing complexity and accelerating time-to-value.",,,,,,,,,,,,Automation Tooling,Automation Platforms and Management,,,,,,,,,,,,,,,,,,https://www.gluware.com/blog/,,,https://www.youtube.com/user/gluware,,,
gNMIc,,https://gnmic.openconfig.net/,logos/26f3e7770e2c63816e78c640d5c2c0cf9d726f613d14432e09f224980bee31df.svg,,,,,full-open-source,collector,Apache License 2.0,,gNMIc is a full-featured gNMI-focused streaming telemetry collector with rich data processing capabilities and high-availability support.,,,,,,,,,,,,Telemetry and observability,Telemetry & Data Collection,true,https://github.com/openconfig/gnmic,270,gNMIc is a gNMI CLI client and collector,2026-01-13,https://github.com/openconfig/gnmic/commit/8f187af965acc795bfabb29bafffba0911b76ea9,2025-10-20,https://github.com/openconfig/gnmic/releases/tag/v0.42.1,2020-02-20,https://github.com/openconfig/gnmic/commit/8315335792e9a5b4352f71c9201e9ea88c1e46f1,57,https://github.com/openconfig/gnmic/graphs/contributors,,,,,,,,,,,,
gNMIc,,https://gnmic.openconfig.net/,logos/26f3e7770e2c63816e78c640d5c2c0cf9d726f613d14432e09f224980bee31df.svg,,,,,full-open-source,sdk,Apache License 2.0,,"gNMIc is a gNMI-focused software suite that provides a CLI client, a Go API for gNMI and a streaming telemetry collector implementation.",,,,,,,,,,,,GoLang Eco-System,Software Libraries,true,https://github.com/openconfig/gnmic,270,gNMIc is a gNMI CLI client and collector,2026-01-13,https://github.com/openconfig/gnmic/commit/8f187af965acc795bfabb29bafffba0911b76ea9,2025-10-20,https://github.com/openconfig/gnmic/releases/tag/v0.42.1,2020-02-20,https://github.com/openconfig/gnmic/commit/8315335792e9a5b4352f71c9201e9ea88c1e46f1,57,https://github.com/openconfig/gnmic/graphs/contributors,,,,,,,,,,,,
GNS3,,https://www.gns3.com,logos/9cbb4c604b2dbdb265efaadad897a59c8e7de80b6fa7696c5234ad963e9b930e.png,,,,,full-open-source,lab,GNU General Public License v3.0,,GNS3 is a network software emulator that allows the combination of virtual and real devices.,,,,,,,,,,,,Labbing,Network virtualization platforms,true,https://github.com/GNS3/gns3-gui,2496,GNS3 Graphical Network Simulator,2026-01-09,https://github.com/GNS3/gns3-gui/commit/8dc3ef07847038829ef27f8cfff215e3490ce2a6,2026-01-21,https://github.com/GNS3/gns3-gui/releases/tag/v2.2.56,2013-09-26,https://github.com/GNS3/gns3-gui/commit/bf43dfc760a8fb1acdf459555d486375af8205fd,54,https://github.com/GNS3/gns3-gui/graphs/contributors,,,,,,,,,,,,
goBMP,,https://github.com/sbezverk/gobmp,logos/4d9d181f28676e24f1abb2dc9f55803b860435cea8641bbba2c76cc66ae4d467.png,,,,,full-open-source,collector,Apache License 2.0,,"goBMP is an implementation of Open BMP (RFC 7854) protocol's collector in go language. Collected BGP information can be published to kafka topics, stored in the file in JSON format or printed to stdout.",,,,,,,,,,,,Telemetry and observability,Telemetry & Data Collection,true,https://github.com/sbezverk/gobmp,111,go based implementation of BGP's BMP protocol ,2026-01-19,https://github.com/sbezverk/gobmp/commit/5f0f4b1ebde35824462178d145d7ceabfa19c061,2022-09-26,https://github.com/sbezverk/gobmp/releases/tag/v1.0.2,2020-03-07,https://github.com/sbezverk/gobmp/commit/7ca0dd4ddec543130a68236a00780a3a27425094,19,https://github.com/sbezverk/gobmp/graphs/contributors,,,,,,,,,,,,
gornir,,https://github.com/nornir-automation/gornir,logos/e908df5457a43da3a126861a09f17e707562e2f8e6ec34e4df9fcd407f6cad9d.jpg,,,,,full-open-source,sdk,Apache License 2.0,,Gornir is a pluggable framework with inventory management to help operate collections of devices. It's similar to nornir but in golang.,,,,,,,,,,,,GoLang Eco-System,Network Programmability Frameworks,true,https://github.com/nornir-automation/gornir,157,,2023-12-19,https://github.com/nornir-automation/gornir/commit/d18c3660bcae92c68e70f9cb6c8c3e6b557f3390,,,2019-06-01,https://github.com/nornir-automation/gornir/commit/02314caac12359570f22af0bfe18e59dfed28089,5,https://github.com/nornir-automation/gornir/graphs/contributors,,,,,,https://nornir.tech/nornir/,,,,,,
Grafana,,https://grafana.com/,logos/df234de0d2075e9c1471d7e23365b5ace551f8805220b0ea55ccbf00f7c26e24.png,,,,,hybrid,presentation,GNU Affero General Public License v3.0,,The open source graphical analytics & monitoring solution default. Often used in conjunction with Prometheus for network monitoring visualization.,,,,,,,,,,,,Telemetry and observability,Monitoring & Alerting,true,https://github.com/grafana/grafana,71855,"The open and composable observability and data visualization platform. Visualize metrics, logs, and traces from multiple sources like Prometheus, Loki, Elasticsearch, InfluxDB, Postgres and many more. ",2026-01-23,https://github.com/grafana/grafana/commit/3c0cdd9151d054ca2cbfcf932d5ba746e095ddb5,2025-12-16,https://github.com/grafana/grafana/releases/tag/v12.3.1,2013-01-26,https://github.com/grafana/grafana/commit/75d03fc49ab4f95ee414f730563f14cbdad9ee64,2915,https://github.com/grafana/grafana/graphs/contributors,,,,,,https://grafana.com/blog/,,,,,,
Hierarchical Configuration,,https://hier-config.readthedocs.io/en/latest/,logos/c55ce18fc6119d77d3e9861372fe4ac81573eec2b47acb95f4dfab493aa7a53f.svg,,,,,full-open-source,sdk,MIT License,,Query and compare network device configurations. Build remediation and rollback configs too.,,,,,,,,,,,,Python Eco-System,Software Libraries,true,https://github.com/netdevops/hier_config,139,Hierarchical Configuration,2026-01-17,https://github.com/netdevops/hier_config/commit/aa119e54d716e6aaedc9035d10e370a14e929ae9,2026-01-11,https://github.com/netdevops/hier_config/releases/tag/v3.4.0,2018-05-11,https://github.com/netdevops/hier_config/commit/0bcd4bee6dace0070262a02b7debe0cfc51315eb,15,https://github.com/netdevops/hier_config/graphs/contributors,,,,,,,,,,,,
IBM Concert Workflows (previously Pliant),,https://www.ibm.com/products/concert/workflows-for-infrastructure-automation,logos/f006ad97237b9285d0e057680e5fa4689230b1642ac5542d5f621507f9f93e15.svg,,https://www.crunchbase.com/organization/pliant,,,saas,orchestration,,,"IBM Concert Workflows (previously Pliant) is a low-code automation platform that enables teams to quickly build, deploy, and scale workflows across IT operations, DevOps, and Site Reliability Engineering (SRE) functions. It provides a unified interface for automating complex processes across diverse technology stacks.",,,,,,,,,,,,Automation Tooling,Automation Platforms and Management,,,,,,,,,,,,,,,,,,https://community.ibm.com/community/user/groups/community-home/recent-community-blogs?communitykey=bd8b4503-cdbc-4def-a56e-018f62fc5b2b,,,,,,
IBM SevOne,,https://www.ibm.com/products/sevone,logos/ff5f9aed6cf2d97d94fb140df5907d70a3200bf9e55bb7b35dc5c098245f959e.svg,,,,,enterprise,observability,,,"IBM SevOne provides comprehensive visibility into hybrid networks by collecting and analyzing multivendor performance data from physical, virtual, and software-defined infrastructure",,,,,,,,,,,,Telemetry and observability,Observability,,,,,,,,,,,,,,,,,,https://community.ibm.com/community/user/groups/community-home/recent-community-blogs?communitykey=fe9d91df-352c-4846-9060-189fd98d00ca,,,https://www.youtube.com/@SevOneNPM/videos,,,
Icinga,,https://icinga.com,logos/6052edd7366964bd46daec62f8b0b57e254e6df6aa1e90d05f60af8ff5e3df19.png,,,,,full-open-source,observability,GNU General Public License v2.0,,"Monitoring system which checks the availability of your network resources, notifies users of outages, and generates performance data for reporting.",,,,,,,,,,,,Telemetry and observability,Monitoring & Alerting,true,https://github.com/Icinga/icinga2,2164,The core of our monitoring platform with a powerful configuration language and REST API.,2026-01-23,https://github.com/Icinga/icinga2/commit/716b9a854a6543fbaa17858b790aa864f561f46d,2025-10-16,https://github.com/Icinga/icinga2/releases/tag/v2.15.1,2012-03-28,https://github.com/Icinga/icinga2/commit/e11994038dc0a70331da06b7e293838752f3cbaf,318,https://github.com/Icinga/icinga2/graphs/contributors,,,,,,https://icinga.com/blog/,,,,,,
InfraHub,,https://www.opsmill.com,logos/2ff0659a9c1349679cdd0ddce90b4eddd4638cef0471ffc5f4681ec2c394fb3d.svg,,,,,full-open-source,intent,Apache License 2.0,,"Infrahub from OpsMill is taking a new approach to Infrastructure Management by providing a new generation of datastore to organize and control all the data that defines how an infrastructure should run. Infrahub offers a central hub to manage the data, templates and playbooks that powers your infrastructure by combining the version control and branch management capabilities of Git with the flexible data model and UI of a graph database.",,,,,,,,,,,,Network state,Network Source of Truth,true,https://github.com/opsmill/infrahub,406,"Infrahub is a graph-based data management platform with built-in version control, CI workflows, peer review, and API access. It’s purpose-built to power reliable infrastructure automation at scale.",2026-01-23,https://github.com/opsmill/infrahub/commit/8a4cedc02e7601d906e90c61f7dd4132984f9396,2026-01-12,https://github.com/opsmill/infrahub/releases/tag/infrahub-v1.7.1,2022-08-25,https://github.com/opsmill/infrahub/commit/66394fe8d209bf115dbf00cce50ffe52da192089,49,https://github.com/opsmill/infrahub/graphs/contributors,,,,,,,,,,,,
Inmanta,,https://inmanta.com,logos/c1aa660e6a4c8fa43dc0ffbcf146ca573c4b63bb4cdabc05ee04eb9c9dfb8d0c.svg,,,,,hybrid,orchestration,Apache License 2.0,,Inmanta Service Orchestrator is a carrier-grade service orchestration and network automation platform that enables network engineers and IT teams to automate and manage the full lifecycle of network and IT services across multi-domain and multi-vendor environments.,,,,,,,,,,,,Automation Tooling,Automation Platforms and Management,true,https://github.com/inmanta/inmanta-core,27,Inmanta is an automation and orchestration tool,2026-01-23,https://github.com/inmanta/inmanta-core/commit/7ec2cb8239b079a98f62d1c7ca2b952bc6f4fe56,,,2015-01-08,https://github.com/inmanta/inmanta-core/commit/5036133dbaf015bb36b4b173735039f968ce28a4,34,https://github.com/inmanta/inmanta-core/graphs/contributors,,,,,,,,,https://www.youtube.com/@inmanta,,,
IP Fabric,,https://ipfabric.io,logos/caa0fcef8f855e67a7420ff12bee3c586c73828e1dbdb60ada1e2abe19f7c79d.svg,https://x.com/IPFabric,https://www.crunchbase.com/organization/ip-fabric,,,enterprise,observability,,,IP Fabric is a network infrastructure visibility and analytics solution helping enterprise network&security teams deliver network assurance and automation.,,,,,,,,,,,,Network state,Network Discovery/Assurance,,,,,,,,,,,,,,,,,,,,,,,,
Itential,,https://www.itential.com/,logos/5ad0153af8bfd562d536c61eeea522ea26d6e734f7c55b8fbb2731420487ecff.png,,https://www.crunchbase.com/organization/itential,,,enterprise,orchestration,,,"Itential is an enterprise-grade network automation platform that enables network engineers and IT teams to automate complex network operations across multi-domain and multi-vendor environments. It provides low-code automation capabilities, pre-built network automations, and integrations with various network systems and IT tools.",,,,,,,,,,,,Automation Tooling,Automation Platforms and Management,,,,,,,,,,,,,,,,,,https://www.itential.com/blog/,,,https://www.youtube.com/c/Itential,,,
jagw,,https://jalapeno-api-gateway.github.io/jagw/,logos/252b3565ddf8cadefd1936cd4757f7fca6dc588496cb39014cae9cb9d0c93db7.png,,,,,full-open-source,presentation,MIT License,,The Jalapeño API Gateway offers you a simple and easy to use way to access the data provided by the Jalapeño application stack.,,,,,,,,,,,,Telemetry and observability,Telemetry & Data Collection,true,https://github.com/jalapeno-api-gateway/jagw,3,Microservices for the gateway,2024-06-21,https://github.com/jalapeno-api-gateway/jagw/commit/10b9bc87b16decf1a5f892fefdc28615fa35609f,2024-06-20,https://github.com/jalapeno-api-gateway/jagw/releases/tag/v1.4.0,2022-12-07,https://github.com/jalapeno-api-gateway/jagw/commit/41f0a35407d0e8c51ed7386085749dffd6aed57d,4,https://github.com/jalapeno-api-gateway/jagw/graphs/contributors,,,,,,,,,,,,
jalapeno,,https://cisco-open.github.io/jalapeno/,logos/f600496bc819549b62ac1818fa52da0fca79fc1c5bcdeb01ce5c014b33151954.png,,,,,full-open-source,collector,Other,,A cloud-native infrastructure platform to enable development of network services collecting telemetry with GoBMP and Telegraf.,,,,,,,,,,,,Telemetry and observability,Telemetry & Data Collection,true,https://github.com/cisco-open/jalapeno,76,An infrastructure platform for network services,2026-01-05,https://github.com/cisco-open/jalapeno/commit/db659f93c994bbebf4f426abbd2d8ad3a43953e1,,,2017-07-25,https://github.com/cisco-open/jalapeno/commit/bc0b54a69642ebd6735bb953b231bc37ee5a01c2,35,https://github.com/cisco-open/jalapeno/graphs/contributors,,,,,,,,,,,,
jq,,https://jqlang.github.io/jq/,logos/3660093287ff23cb3fade2ec2a14e63df019139562d4d7b63de94d933a244de8.svg,,,,,full-open-source,tool,Other,,"jq is a lightweight and flexible command-line JSON processor. It's like sed for JSON data - you can use it to slice and filter and map and transform structured data with the same ease that sed, awk, grep give you for text.",,,,,,,,,,,,Automation Tooling,Data Processing Tools,true,https://github.com/jqlang/jq,33397,Command-line JSON processor,2026-01-20,https://github.com/jqlang/jq/commit/b33a7634ba34ffa7ce7368cc0ebf5ca40b54c7e6,2025-07-01,https://github.com/jqlang/jq/releases/tag/jq-1.8.1,2012-07-18,https://github.com/jqlang/jq/commit/eca89acee00faf6e9ef55d84780e6eeddf225e5c,238,https://github.com/jqlang/jq/graphs/contributors,,,,,,,,,,,,
Junos Snapshot Administrator,,https://github.com/Juniper/jsnapy,logos/aaeb58be14499577be8e62a4ad21a013801d09bf4ee0584bee9459b0026adacd.png,,,,,full-open-source,collector,Apache License 2.0,,Junos Snapshot Administrator enables you to capture and audit runtime environment snapshots of your networked devices running the Junos operating system (Junos OS).,,,,,,,,,,,,Network state,"Testing, Compliance & Querying",true,https://github.com/Juniper/jsnapy,124,Python version of Junos Snapshot Administrator,2024-08-05,https://github.com/Juniper/jsnapy/commit/6bd53abc96b1d58feb68a6f921ae2430f41864cb,2024-08-06,https://github.com/Juniper/jsnapy/releases/tag/1.3.8,2015-02-25,https://github.com/Juniper/jsnapy/commit/81df16367c29aeafa1d9f934289cf5044cfd7509,34,https://github.com/Juniper/jsnapy/graphs/contributors,,,,,,,,,,,,
Kentik,,https://www.kentik.com/,logos/5996352226d99cc6b1c0936274e2ad0a37691d3d234744a6ab25915ffc841b50.png,,,,,saas,observability,,,"Kentik is a network observability platform that uses big data and AI to provide real-time network analytics, DDoS protection, and traffic optimization.",,,,,,,,,,,,Telemetry and observability,Observability,,,,,,,,,,,,,,,,,,https://www.kentik.com/blog/,,,https://www.youtube.com/channel/UCsTYhGUm81x6m6lQ-QUwfKA,,,
KnocKnoc,,https://knocknoc.io,logos/82b6c5ccd0ee6341740c22c956922c3f832da575a63bac16d0155a513ed147d8.png,,,,,free-restrictive,orchestration,,,Knocknoc removes the attack surface of your existing infrastructure by providing access only to authorised users. It’s simple to implement and cost-effective at scale.,,,,,,,,,,,,Security,ZTNA,,,,,,,,,,,,,,,,,,,,,https://www.youtube.com/watch?v=yOK0Ro5kvfc,,,
LibreNMS,,https://www.librenms.org,logos/9cef0ec6dd25a05afbaf8ab56503678a5464267f7417d6a2b174afe0f2ee3d1a.png,,,,,full-open-source,observability,Other,,A fully featured network monitoring system that provides a wealth of features and device support.,,,,,,,,,,,,Telemetry and observability,Monitoring & Alerting,true,https://github.com/librenms/librenms,4570,Community-based GPL-licensed network monitoring system,2026-01-23,https://github.com/librenms/librenms/commit/50232d79188323f8ca880a511d5713a7a46e76b1,2026-01-12,https://github.com/librenms/librenms/releases/tag/26.1.1,2007-04-03,https://github.com/librenms/librenms/commit/824c4d2ad4f31e863f0fe4cb082866ed0ffb2a4d,1567,https://github.com/librenms/librenms/graphs/contributors,,,,,,https://community.librenms.org/c/blog/8,,,,,,
Mage.ai,,https://www.mage.ai/,logos/e527409ece1839fb83a01fe5514a5d157b17b29c7c723db7b3fc9bbfe1b6a527.png,,,,,full-open-source,orchestration,Apache License 2.0,,Mage is an open-source data pipeline tool for transforming and integrating data. It provides a modern approach to building and deploying data pipelines with a focus on simplicity and developer experience.,,,,,,,,,,,,Automation Tooling,Workflow DAGs,true,https://github.com/mage-ai/mage-ai,8622,"🧙 Build, run, and manage data pipelines for integrating and transforming data.",2026-01-22,https://github.com/mage-ai/mage-ai/commit/ffd8861651760426553ff5a6117fc6799f94d2fc,2026-01-21,https://github.com/mage-ai/mage-ai/releases/tag/0.9.79,2022-05-16,https://github.com/mage-ai/mage-ai/commit/571131f0c298af6d67b03c85a8ea7984c18350d1,155,https://github.com/mage-ai/mage-ai/graphs/contributors,,,,,,https://www.mage.ai/blog,,https://www.mage.ai/chat,,,,
NAPALM (Network Automation and Programmability Abstraction Layer with Multivendor support),,https://napalm.readthedocs.io,logos/b5d6fa5cf9656a14aafec774f5140ff953ccff6c66ff752d3b3daad12bd3dd33.png,,,,,full-open-source,sdk,Apache License 2.0,,NAPALM is a Python library that implements a set of functions to interact with different network device Operating Systems using a unified API.,,,,,,,,,,,,Python Eco-System,Network Programmability Frameworks,true,https://github.com/napalm-automation/napalm,2420,Network Automation and Programmability Abstraction Layer with Multivendor support,2025-11-14,https://github.com/napalm-automation/napalm/commit/0cb2168342f05552b69530964126cec6f5bc6eba,2025-08-05,https://github.com/napalm-automation/napalm/releases/tag/5.1.0,2014-12-19,https://github.com/napalm-automation/napalm/commit/8472e7d97cafb0e316310c5ca08da0d3dad47b17,218,https://github.com/napalm-automation/napalm/graphs/contributors,,,,,,,,,,,,
narrowin Lightweight Network Explorer,,https://demo.narrowin.ch,logos/478d5cf2fcfa9ecd66fec8c8c40bc357d4ef118680e3b7845867c26c7150ffe9.svg,,,,,enterprise,observability,,,Highly intuitive graphical multivendor network observability platform for IT and OT/IoT networks.,,,,,,,,,,,,Network state,Network Discovery/Assurance,,,,,,,,,,,,,,,,,,,,,,,,
narrowin Lightweight Network Explorer,,https://demo.narrowin.ch,logos/478d5cf2fcfa9ecd66fec8c8c40bc357d4ef118680e3b7845867c26c7150ffe9.svg,,,,,enterprise,observability,,,Highly intuitive graphical multivendor network observability platform for IT and OT/IoT networks.,,,,,,,,,,,,Network state,"Testing, Compliance & Querying",,,,,,,,,,,,,,,,,,,,,,,,
Nautobot,,https://nautobot.com/,logos/ab8b3260edcb4a978e33ce8aa4b9539ea5ba3a47101c4911b83b931e0ffc63c6.png,,,,,full-open-source,intent,Apache License 2.0,,Nautobot is a Network Source of Truth and Network Automation Platform.,,,,,,,,,,,,Network state,Network Source of Truth,true,https://github.com/nautobot/nautobot,1387,Network Source of Truth & Network Automation Platform,2026-01-23,https://github.com/nautobot/nautobot/commit/51101a984f0d98b450facf73947b2d7d6aff50eb,2026-01-19,https://github.com/nautobot/nautobot/releases/tag/v3.0.5,2016-03-01,https://github.com/nautobot/nautobot/commit/27b289ee3b30ed3b0643a1c78c2e8caec329dcd2,325,https://github.com/nautobot/nautobot/graphs/contributors,,,,,,https://blog.networktocode.com,,,https://www.youtube.com/@networktocode6721,,,
Nautobot Golden Config,,https://docs.nautobot.com/projects/golden-config/en/latest/,logos/f7e9a838e5740d64526f66ed0b6c1bfd1f9a69d3d5142cf55a679a04181d9546.png,,,,,full-open-source,executor,Other,,The Golden Config App is a Nautobot App that provides a NetDevOps approach to golden configuration and configuration compliance.,,,,,,,,,,,,Reporting & Insights,Business Intelligence,true,https://github.com/nautobot/nautobot-app-golden-config,114,Golden Configuration App for Nautobot.,2026-01-23,https://github.com/nautobot/nautobot-app-golden-config/commit/b8efe3ae01f277ea37397cea7a73c6fd637540b6,2026-01-22,https://github.com/nautobot/nautobot-app-golden-config/releases/tag/v3.0.1,2021-02-24,https://github.com/nautobot/nautobot-app-golden-config/commit/e911cf5b229900f69fd8792ed6b1a92db9ebc55a,52,https://github.com/nautobot/nautobot-app-golden-config/graphs/contributors,,,,,,,,,,,,
ncclient,,https://ncclient.readthedocs.io/en/latest/,logos/614426f2d90e234bbe4302ab8f1bd79748e1eecc08020846c51b985d1b052fb1.webp,,,,,full-open-source,sdk,Other,,ncclient is a Python library that facilitates client-side scripting and application development around the NETCONF protocol.,,,,,,,,,,,,Python Eco-System,Software Libraries,true,https://github.com/networktocode/netutils,245,Python library that is a collection of functions and objects for common network automation tasks.,2026-01-20,https://github.com/networktocode/netutils/commit/24c40b65bcd7423c925980fdb1c6f9f78296c1dd,2026-01-20,https://github.com/networktocode/netutils/releases/tag/v1.16.0,2021-05-08,https://github.com/networktocode/netutils/commit/b5084bfb8b76413ed10399048e07b07ded84e86f,47,https://github.com/networktocode/netutils/graphs/contributors,,,,,,,,,,,,
ncdiff,,https://diffsync.readthedocs.io/en/latest/index.html,logos/e4ba069e5dd443c224011a82ac94d3b0b5519cd73b8baf1824dc9365fb6bfb0a.png,,,,,full-open-source,sdk,Apache License 2.0,,Extended ncclient NETCONF client with diff capabilities.,,,,,,,,,,,,Python Eco-System,Software Libraries,true,https://github.com/CiscoTestAutomation/ncdiff,26,NETCONF Diff Engine,2026-01-22,https://github.com/CiscoTestAutomation/ncdiff/commit/1e66a145dc0a1905708eb12def44e8061f09c89f,,,2018-05-04,https://github.com/CiscoTestAutomation/ncdiff/commit/35ec179f303bc3dc65d334cb274dc99ff45aa8f9,15,https://github.com/CiscoTestAutomation/ncdiff/graphs/contributors,,,,,,,,,,,,
Netbox Community,,https://netboxlabs.com,logos/c01d8418ffb09b12e2e3830c86c41853ca955daef0b3d78b72d12bfc530654ef.svg,https://twitter.com/NetBoxOfficial,https://www.crunchbase.com/organization/netbox-labs,,,full-open-source,intent,Apache License 2.0,,NetBox is the leading solution for modeling and documenting modern networks.,,,,,,,,,,,,Network state,Network Source of Truth,true,https://github.com/netbox-community/netbox,19625,The premier source of truth powering network automation. Open source under Apache 2. Try NetBox Cloud free: https://netboxlabs.com/products/free-netbox-cloud/,2026-01-23,https://github.com/netbox-community/netbox/commit/a9a300197a297f8bc3ba19dcd32de27676bd7fb1,2026-01-20,https://github.com/netbox-community/netbox/releases/tag/v4.5.1,2016-03-01,https://github.com/netbox-community/netbox/commit/27b289ee3b30ed3b0643a1c78c2e8caec329dcd2,452,https://github.com/netbox-community/netbox/graphs/contributors,2024-05-14,,,,,https://netboxlabs.com/blog/,,,https://www.youtube.com/channel/UCs5FgE5p03tP-8InKVIojdw,,,
NetBrain,,https://www.netbraintech.com/,logos/51c10205bfd1d77d9dd007b1625838bfdf2e4727da45df9c89d79f86e380c973.png,,https://www.crunchbase.com/organization/netbrain-technologies,,,enterprise,observability,,,"NetBrain is a network automation and visibility platform that provides dynamic network mapping, automated network documentation, and intelligent troubleshooting capabilities for enterprise networks.",,,,,,,,,,,,Network state,Network Discovery/Assurance,,,,,,,,,,,,,,,,,,https://www.netbraintech.com/blog/,,,,,,
Netdisco,,http://netdisco.org,logos/4e56bcc243bff1816b5085d86d3022e43a5b8897538bd5b1f731d840b2e9f099.jpg,,,,,full-open-source,observability,,,"Netdisco is a web-based network management tool suitable for small to very large networks. IP and MAC address data is collected into a PostgreSQL database using SNMP, CLI, or device APIs.",,,,,,,,,,,,Network state,Network Discovery/Assurance,,,,,,,,,,,,,,,,,,,,,,,,
netlab,,https://netlab.tools/,logos/6c59317a34b83b7b5e9dae298e3433d8cb37e867a3421294c40db33e092cab04.png,,,,,full-open-source,lab,Other,,"netlab is a network lab builder and CLI tool that creates virtual network labs using libvirt, Docker, or Podman containers. It supports multiple virtualization providers and network operating systems.",,,,,,,,,,,,Labbing,Network virtualization platforms,true,https://github.com/ipspace/netlab,622,Making virtual networking labs suck less,2026-01-23,https://github.com/ipspace/netlab/commit/b04014de4742fbe638503aa960de62ac94acaea0,,,2020-12-09,https://github.com/ipspace/netlab/commit/5e01d23307b3bdcd37fcbe5bed89b6d79d898c43,42,https://github.com/ipspace/netlab/graphs/contributors,,,,,,https://blog.ipspace.net/,,,,,,
Netmiko,,https://github.com/ktbyers/netmiko,logos/90d56487f0bf9f7913eabc85d056cfada74e67a37af60dab723a5c3d0432e203.png,,,,,full-open-source,sdk,MIT License,,Netmiko is a multi-vendor library to simplify Paramiko SSH connections to network devices. It provides a unified API to connect to various network devices.,,,,,,,,,,,,Python Eco-System,Software Libraries,true,https://github.com/ktbyers/netmiko,4058,Multi-vendor library to simplify Paramiko SSH connections to network devices,2026-01-23,https://github.com/ktbyers/netmiko/commit/ae10899fc037c45b237cebeb73a37d2098b26ef9,2025-06-26,https://github.com/ktbyers/netmiko/releases/tag/v4.6.0,2014-11-28,https://github.com/ktbyers/netmiko/commit/87bdbe14668b08177b5f0c887856e36c95f7e6be,270,https://github.com/ktbyers/netmiko/graphs/contributors,,,,,,,,,,,,
Netos,,https://netos.io,logos/dd9d78e775b34439c645d2ba3a5957c6d69157eb2b5e01e3b17e164aee726c69.svg,,,,,enterprise,presentation,,,"Netos bridges Business, IT Networks, and Finance with best-in-class data and analytics to quickly deliver actionable financial insights from within NetBox.",,,,,,,,,,,,Reporting & Insights,Business Intelligence,,,,,,,,,,,,,,,,,,https://netos.io/articles-and-research,,,https://www.youtube.com/@netos-networks,,,
Netos Fabric,,https://netos.io,logos/1f3292f88f0f14a92d55849ae509c5e5565ad823a91b30c6ee3cecb09a5ee581.svg,,,,,enterprise,observability,,,"Netos Fabric delivers network discovery and data normalization (ETL), all managed, orchestrated, and tracked in NetBox. It integrates seamlessly with any vendor using CLI, APIs, or other methods. Scalable and flexible, it scales to millions of tasks using Airflow for real-time job scheduling.",,,,,,,,,,,,Network state,Network Discovery/Assurance,,,,,,,,,,,,,,,,,,https://netos.io/articles-and-research,,https://netdev-community.slack.com/archives/C07RC7E803B,https://www.youtube.com/@netos-networks,,,
Netos NetOps,,https://docs.netos.io/books/1-semaphore-netops,logos/72fcf423447bd02435b42e80fa2919b459ada51705a082e1f615819b9cd03e6b.svg,,,,,full-open-source,orchestration,Apache License 2.0,,"Built with Ansible Semaphore, the Netos NetOps project lays the foundation to install and manage NetBox, and other network tools.",,,,,,,,,,,,Telemetry and observability,Monitoring & Alerting,true,https://github.com/netos-networks/netos-netops,5,Netos Semaphore,2024-10-11,https://github.com/netos-networks/netos-netops/commit/a4d7e5b4ed5226278db1b9a5a5cce8bb17e614ad,,,2024-08-22,https://github.com/netos-networks/netos-netops/commit/20508e45556c1a74fa113fe7cc5944c72fe0ca5c,2,https://github.com/netos-networks/netos-netops/graphs/contributors,,,,,,https://netos.io/articles-and-research,,https://netdev-community.slack.com/archives/C07RC7E803B,https://www.youtube.com/@netos-networks,,,
Netpicker,,https://netpicker.io,logos/87bc632804d57ffdc69a33bef959f60dbb54026e4d20637a3a2932ed61c09c98.png,,,,,freemium,observability,,,"Test the design, security and compliance of your network, A Python-based testing platform for your network",,,,,,,,,,,,Network state,"Testing, Compliance & Querying",,,,,,,,,,,,,,,,,,,,,,,,
netrasp,,https://github.com/networklore/netrasp,logos/018b28bcbe8b83d112c1d0f6dae23234144be106dd1c67fcda584ef321062b09.png,,,,,full-open-source,sdk,Apache License 2.0,,Netrasp is a package that communicates to network devices over SSH. It takes care of handling the pty terminal of network devices giving you an API with common actions such as executing commands and configuring devices.,,,,,,,,,,,,GoLang Eco-System,Software Libraries,true,https://github.com/networklore/netrasp,74,,2021-04-23,https://github.com/networklore/netrasp/commit/2a6631e4fc36003ee4937decf21e9f3d4276f324,,,2021-02-28,https://github.com/networklore/netrasp/commit/db8bb6544c7d13e619c4fb51b9b522103fd8ede8,3,https://github.com/networklore/netrasp/graphs/contributors,,,,,,,,,,,,
netutils,,https://netutils.readthedocs.io/en/latest/,logos/efb0abf7b23bc057396af85aea4637c0a4ef0ed31afe159e58a311c865735c5f.png,,,,,full-open-source,sdk,Other,,Collection of functions that are used in the common network automation tasks.,,,,,,,,,,,,Python Eco-System,Software Libraries,true,https://github.com/networktocode/netutils,245,Python library that is a collection of functions and objects for common network automation tasks.,2026-01-20,https://github.com/networktocode/netutils/commit/24c40b65bcd7423c925980fdb1c6f9f78296c1dd,2026-01-20,https://github.com/networktocode/netutils/releases/tag/v1.16.0,2021-05-08,https://github.com/networktocode/netutils/commit/b5084bfb8b76413ed10399048e07b07ded84e86f,47,https://github.com/networktocode/netutils/graphs/contributors,,,,,,,,,,,,
Nokia Event-Driven Automation (EDA),,https://www.nokia.com/data-center-networks/data-center-fabric/event-driven-automation/,logos/dc9ae73bdef5d5ef83827c9f144e528afe6af765a650eb3d30792016c2309889.svg,,,,,enterprise,orchestration,,,Nokia Event-Driven Automation (EDA) is a cloud-native infrastructure automation platform with one goal of Human Error Zero. EDA creates multi-vendor networks so reliable that you can make changes without fear and move fast with confidence.,,,,,,,,,,,,Automation Tooling,Automation Platforms and Management,,,,,,,,,,,,,,,,,,https://www.nokia.com/blog/,,,,,,
NORFAB (Network Automation Fabric),,https://docs.norfablabs.com/,logos/6856080a0d4bdd34162d865626ee0296d910a4cdccb7f4b425611b2a21294852.png,,,,,full-open-source,orchestration,Apache License 2.0,,NORFAB is a framework for extreme network automations that acts as a glue bringing network automation tools together.,,,,,,,,,,,,Python Eco-System,Network Programmability Frameworks,true,https://github.com/norfablabs/NORFAB,32,Network Automations Fabric,2026-01-17,https://github.com/norfablabs/NORFAB/commit/99207a74b9681b799bc726e46741c61bd504e885,2026-01-17,https://github.com/norfablabs/NORFAB/releases/tag/0.15.1,2023-09-13,https://github.com/norfablabs/NORFAB/commit/a25d825c1fb5d568848717e76c2b777de407f593,1,https://github.com/norfablabs/NORFAB/graphs/contributors,,,,,,,,,,,,
Nornir,,https://nornir.readthedocs.io,logos/e908df5457a43da3a126861a09f17e707562e2f8e6ec34e4df9fcd407f6cad9d.jpg,,,,,full-open-source,sdk,Apache License 2.0,,"Nornir is a pure Python automation framework that can be used for network automation tasks. It's designed to be fast, flexible, and easy to extend.",,,,,,,,,,,,Python Eco-System,Network Programmability Frameworks,true,https://github.com/nornir-automation/nornir,1540,Pluggable multi-threaded framework with inventory management to help operate collections of devices,2026-01-08,https://github.com/nornir-automation/nornir/commit/fa8cc5e7e59a79ea78065c0edf62a587b0c1984e,2025-01-08,https://github.com/nornir-automation/nornir/releases/tag/v3.5.0,2017-11-19,https://github.com/nornir-automation/nornir/commit/c7bba8aeebe37515fdb40bfcae72541c99376f20,61,https://github.com/nornir-automation/nornir/graphs/contributors,,,,,,https://nornir.tech/nornir/,,,,,,
NRX,,https://github.com/netreplica/nrx,logos/1124b4f84287ef3491132483ea343f5b93f8e87f5289e64b1471a912a26c536a.svg,,,,,full-open-source,lab,Apache License 2.0,,"NRX (netreplica exporter) is a network topology exporter that reads network topology graphs from NetBox DCIM system and exports them to various formats including Containerlab, Cisco Modeling Labs, network visualization formats, and custom formats via Jinja2 templates.",,,,,,,,,,,,Labbing,Lab tools,true,https://github.com/netreplica/nrx,115,"Netreplica Exporter – Netbox to Containerlab, CML, NVIDIA Air",2026-01-04,https://github.com/netreplica/nrx/commit/f1643634ddd98191719504941fdab2a61aac3584,2026-01-04,https://github.com/netreplica/nrx/releases/tag/v0.8.2,2023-02-09,https://github.com/netreplica/nrx/commit/f0cec5495267df92df6d39092f5175460c57b946,8,https://github.com/netreplica/nrx/graphs/contributors,,,,,,https://github.com/netreplica/nrx/releases,,,,,,
NTC Templates,,https://github.com/networktocode/ntc-templates,logos/b348f873e80cdd3157d816240ba3b440227fc47c3a4e204805f086689a4844ae.png,,,,,full-open-source,sdk,Other,,"Repository of TextFSM Templates for Network Devices, and Python wrapper for TextFSM's CliTable. TextFSM is a tool to help make parsing cli commands more manageable.",,,,,,,,,,,,Python Eco-System,Software Libraries,true,https://github.com/networktocode/ntc-templates,1238,TextFSM templates for parsing show commands of network devices,2025-12-13,https://github.com/networktocode/ntc-templates/commit/286039ef3a4c9b5899ef35eb7e662f44c7328576,2025-09-22,https://github.com/networktocode/ntc-templates/releases/tag/v8.1.0,2016-04-27,https://github.com/networktocode/ntc-templates/commit/cc61388f3c6e4543b878e426b30420173d6b6bc4,294,https://github.com/networktocode/ntc-templates/graphs/contributors,,,,,,,,,,,,
NUTS,,https://nuts.readthedocs.io/,logos/1b712422548d5f0d59371a9eeb269250bcf84e26379c0dc74af63ba1eda4a664.png,,,,,full-open-source,observability,MIT License,,NUTS (Network Unit Testing System) is a Pytest plugin enabling network testing using YAML files.,,,,,,,,,,,,Network state,"Testing, Compliance & Querying",true,https://github.com/network-unit-testing-system/nuts,170,NUTS defines a desired network state and checks it against a real network using pytest and nornir.,2026-01-03,https://github.com/network-unit-testing-system/nuts/commit/045b3358f912dfa13286418a613668b9d03e2d27,2025-11-17,https://github.com/network-unit-testing-system/nuts/releases/tag/v3.5.1,2020-10-20,https://github.com/network-unit-testing-system/nuts/commit/4910653551e2fb9e90274cb88a90dc17e323758b,17,https://github.com/network-unit-testing-system/nuts/graphs/contributors,,,,,,,,,,,,
Observium,,https://www.observium.org/,logos/1978a510794d740d7d5a1382fecfca86ddd344a146ff16cc5463523941f4cffb.png,,,,,hybrid,observability,Other,,"Observium is a network monitoring platform supporting a wide range of device types, platforms and operating systems.",,,,,,,,,,,,Telemetry and observability,Monitoring & Alerting,true,https://github.com/DanielleHuisman/observium-community-edition,51,Unofficial mirror of Observium Community Edition. Automatic updates through a GitHub Actions workflow.,2025-07-20,https://github.com/DanielleHuisman/observium-community-edition/commit/df77e9d34042b13ae9e0ac5905f204d232454f09,2024-12-25,https://github.com/DanielleHuisman/observium-community-edition/releases/tag/v24.12,2020-04-08,https://github.com/DanielleHuisman/observium-community-edition/commit/51bdfbadb531f889290ee51d5710acc1948b5310,5,https://github.com/DanielleHuisman/observium-community-edition/graphs/contributors,,,,,,,,,,,,
Ondatra,,https://github.com/openconfig/ondatra,logos/d270f0443cf342068a85672280e27bf56b9cbc3d6eb43a7d68f3d9931433db5e.png,,,,,full-open-source,observability,,,Ondatra (Open Network Device Automated Test Runner and API) is a framework for writing and running tests against both real and containerized network devices.,,,,,,,,,,,,Network state,"Testing, Compliance & Querying",,https://github.com/openconfig/ondatra,65,,2025-12-05,https://github.com/openconfig/ondatra/commit/68f8e9ff81ead6610467c0593dfb326047eea68f,2025-12-05,https://github.com/openconfig/ondatra/releases/tag/v0.14.0,2021-06-01,https://github.com/openconfig/ondatra/commit/4f446e90ffdbb16a84f6f105c6f882897a4db72e,6,https://github.com/openconfig/ondatra/graphs/contributors,,,,,,,,,,,,
Open Terraforming Framework (OTF),,https://docs.otf.ninja,logos/56aaabc6ad28bce3081f8725090720be2d313875abf13cb22dd7954f28bd914b.png,,,,,full-open-source,orchestration,Mozilla Public License 2.0,,"OTF is an open-source alternative to Terraform Enterprise, sharing many of its features including full Terraform CLI integration, remote execution mode, agent execution mode, remote state backend, SSO, RBAC, VCS integration, and compatibility with much of the Terraform Enterprise/Cloud API.",,,,,,,,,,,,Terraform Eco-System,TACOS (Terraform Automation and Collaboration tools),true,https://github.com/leg100/otf,645,An open source alternative to terraform enterprise.,2026-01-20,https://github.com/leg100/otf/commit/cd5694dca4b0d5d7b0147ed056508ffeb4d686c9,2025-12-15,https://github.com/leg100/otf/releases/tag/v0.5.0,2021-06-05,https://github.com/leg100/otf/commit/edc7bbbe3f15ef1833c3a580797549ed3aecc0a1,17,https://github.com/leg100/otf/graphs/contributors,,,,,,,,,,,,
OpenTofu,,https://opentofu.org,logos/0f08845ba6c945c464036276d41e3b13db93cbdbfa3f0419a0b03d89b8b8ef8c.png,,,,,full-open-source,executor,Mozilla Public License 2.0,,"OpenTofu is an infrastructure as code tool that lets you define both cloud and on-prem resources in human-readable configuration files that you can version, reuse, and share.",,,,,,,,,,,,Automation Tooling,Continuous Configuration Automation (CCA),true,https://github.com/opentofu/opentofu,27622,OpenTofu lets you declaratively manage your cloud infrastructure.,2026-01-23,https://github.com/opentofu/opentofu/commit/d088667ed7e5bd611ce8d922add3f5ec313beae1,2026-01-21,https://github.com/opentofu/opentofu/releases/tag/v1.11.4,2014-05-21,https://github.com/opentofu/opentofu/commit/649cf336e86da10910f6e50ea3cfaad507a2e336,2328,https://github.com/opentofu/opentofu/graphs/contributors,,,,,,https://opentofu.org/blog/,,,,,,
Orb Community,,https://orb.community/,logos/ff1dd528d8d8f42b11b0169c0b3edd600aeafd7e2edcac37a1762c3c90e7fc3a.png,,,,,full-open-source,observability,Mozilla Public License 2.0,,"Orb is an open-source observability platform that provides a unified view of metrics, logs, and traces. It aims to simplify the complexities of observability by offering an integrated solution for monitoring and troubleshooting distributed systems.",,,,,,,,,,,,Telemetry and observability,Monitoring & Alerting,true,https://github.com/orb-community/orb,669,Orb is a dynamic network observability platform with agent fleet orchestration and data pipelines with OpenTelemetry,2024-12-23,https://github.com/orb-community/orb/commit/445ed5827411b57ba53cfd1da5b9ebfb19a38e79,2024-08-20,https://github.com/orb-community/orb/releases/tag/v0.30.0,2021-02-18,https://github.com/orb-community/orb/commit/79d84c75dc3d98d0596fc2e6af1bff407c47a0be,44,https://github.com/orb-community/orb/graphs/contributors,,,,,,,,,,,,
Peering Manager,,https://peering-manager.net/,logos/3d838cd65daef01232ecb8b70e2fa5353f060a0f0527478aa4503c0967203eef.svg,,,,,full-open-source,intent,Apache License 2.0,,Peering Manager is a BGP management tool,,,,,,,,,,,,Network state,Network Source of Truth,true,https://github.com/peering-manager/peering-manager,554,BGP sessions management tool,2026-01-10,https://github.com/peering-manager/peering-manager/commit/c237c3400cd3095358f6981583c08f8b41febce1,2025-12-23,https://github.com/peering-manager/peering-manager/releases/tag/v1.10.2,2017-08-15,https://github.com/peering-manager/peering-manager/commit/8b34b726ff75e13db4c53ad3331b66a92df0b41c,47,https://github.com/peering-manager/peering-manager/graphs/contributors,,,,,,,,,,,,
Prefect,,https://prefect.io/,logos/0adb8100b3649de768b225edb847cc4849e6a0f36d404360d62a92504730a277.svg,,,,,hybrid,orchestration,Apache License 2.0,,"Prefect is a workflow orchestration framework that makes it easy to build, run, and monitor data pipelines. It provides a Python-native approach to workflow automation with strong observability and error handling.",,,,,,,,,,,,Automation Tooling,Workflow DAGs,true,https://github.com/PrefectHQ/prefect,21411,Prefect is a workflow orchestration framework for building resilient data pipelines in Python.,2026-01-23,https://github.com/PrefectHQ/prefect/commit/1e406408c582f2870a29b6abf35a190fb900f6b3,2026-01-23,https://github.com/PrefectHQ/prefect/releases/tag/3.6.13,2021-07-12,https://github.com/PrefectHQ/prefect/commit/5d64e2da1bd11f31d16993ae1730599e13de4016,393,https://github.com/PrefectHQ/prefect/graphs/contributors,,,,,,https://prefect.io/blog,,https://prefect.io/slack,,,,
Prometheus,,https://prometheus.io/,logos/a1db17c392a9876b29e664d22bc5c0c31279f1a224c8c8102e9ab79500329341.png,,,,,full-open-source,collector,Apache License 2.0,,"An open-source systems monitoring and alerting toolkit, popular in cloud-native environments but also very applicable to network monitoring.",,,,,,,,,,,,Telemetry and observability,Monitoring & Alerting,true,https://github.com/prometheus/prometheus,62354,The Prometheus monitoring system and time series database.,2026-01-23,https://github.com/prometheus/prometheus/commit/bec70227f12c3f8614cf0cf7badf6a3ee7e4ea04,2026-01-07,https://github.com/prometheus/prometheus/releases/tag/v3.9.1,2012-11-24,https://github.com/prometheus/prometheus/commit/734d28b515026ca9f429eba0a7d09954bceb6387,1304,https://github.com/prometheus/prometheus/graphs/contributors,,,,https://prometheus.devstats.cncf.io/,,https://prometheus.io/blog/,,https://slack.cncf.io/,https://www.youtube.com/channel/UC4pLFely0-Odea4B2NL1nWA,,,
Proxylity UDP Gateway,,https://www.proxylity.com/,logos/e7c63165f328362adf61459af64477c1a3902a924e1cc448e854bd8f9876b20d.png,,,,,saas,collector,,,"UDP Gateway provides a bridge between UDP traffic and compute, storage and event handling services in AWS with an automation-friendly IaC model that simplifies a wide varietry of observability and telemetric collection and processing models.",,,,,,,,,,,,Telemetry and observability,Telemetry & Data Collection,,,,,,,,,,,,,,,,,,,,,,,,
Pulumi,,https://www.pulumi.com,logos/2d6f0fcbd06c9ba801f5fe07905eb30542b4039e8a711e370928a1c43519253e.svg,,,,,hybrid,executor,Apache License 2.0,,"Pulumi is an open-source infrastructure as code tool that allows you to use familiar programming languages like TypeScript, Python, Go, and .NET to define and manage cloud infrastructure across various providers.",,,,,,,,,,,,Automation Tooling,Continuous Configuration Automation (CCA),true,https://github.com/pulumi/pulumi,24574,Pulumi - Infrastructure as Code in any programming language 🚀,2026-01-23,https://github.com/pulumi/pulumi/commit/7f2f3c3999fc8d4303f3b8501f11168d3e0112dd,2026-01-16,https://github.com/pulumi/pulumi/releases/tag/v3.216.0,2016-10-08,https://github.com/pulumi/pulumi/commit/86f6117640ebaaffb8689e241a668218b24f4690,350,https://github.com/pulumi/pulumi/graphs/contributors,,,,,,https://www.pulumi.com/blog/,,,https://www.youtube.com/c/PulumiTV,,,
Puppet Enterprise,,https://puppet.com/products/puppet-enterprise/,logos/63f0befcd90e500b69d68c86f88a2206c622fb9a3f7529ee501bfb21d6723837.svg,,,,,enterprise,executor,,,Puppet Enterprise is a configuration management platform that allows you to deliver and operate consistently secure infrastructure at scale.,,,,,,,,,,,,Automation Tooling,Automation Platforms and Management,,,,,,,,,,,,,,,,,,https://puppet.com/blog/,,,https://www.youtube.com/user/PuppetLabsInc,,,
PyangBind,,https://github.com/robshakir/pyangbind,logos/8cb9e9e0a20bae74c015677adf6702bddb6a2c1a5bff667248ca96828cf2bd40.png,,,,,full-open-source,sdk,Other,,Pyang plugin to create Python bindings for a YANG model.,,,,,,,,,,,,Python Eco-System,Software Libraries,true,https://github.com/robshakir/pyangbind,209,A plugin for pyang that creates Python bindings for a YANG model.,2025-12-10,https://github.com/robshakir/pyangbind/commit/63b319f4b597dc942460a5ea56bff040060efa3f,2025-12-10,https://github.com/robshakir/pyangbind/releases/tag/0.8.7,2015-04-12,https://github.com/robshakir/pyangbind/commit/49ace01f5d5582f324a5d671ffe96fec055aece3,27,https://github.com/robshakir/pyangbind/graphs/contributors,,,,,,,,,,,,
pyATS,,https://developer.cisco.com/pyats/,logos/12ba4c3850179c2caf9bf858d8a783cea7dcf2435426a66012d98bd9b69dd980.png,,,,,closed-core,observability,Apache License 2.0,,"Cisco pyATS is a Network Test and Automation Solution with a closed-source core and open-source extensions. The core framework is available in binary format, while related packages like Unicon plugins are fully open source.",,,,,,,,,,,,Network state,"Testing, Compliance & Querying",true,https://github.com/CiscoTestAutomation/pyats,169,Cisco DevNet pyATS Test Framework Bug Tracker,2026-01-21,https://github.com/CiscoTestAutomation/pyats/commit/e7d433d72b0433083e473b4f2c81b8426ddfab88,2025-11-27,https://github.com/CiscoTestAutomation/pyats/releases/tag/v25.10,2017-12-14,https://github.com/CiscoTestAutomation/pyats/commit/82413a261c7df40f145bb8d4b8ce3a9b9bb83378,30,https://github.com/CiscoTestAutomation/pyats/graphs/contributors,,,,,,https://blogs.cisco.com/tag/pyats,,,,,,
pydantify,,https://pydantify.github.io/pydantify/,logos/0808d2249486f468265fa6d93a7443cef864617c1d02e194b36889ec78d48236.svg,,,,,full-open-source,sdk,MIT License,,Transform YANG models into Pydantic datastructures that can be initialized with config values and serialized.,,,,,,,,,,,,Python Eco-System,Software Libraries,true,https://github.com/pydantify/pydantify,87,Transform YANG models into pydantic datastructures,2026-01-23,https://github.com/pydantify/pydantify/commit/8a0ba4e2d9bd8ed15424c52d526a8f55d673bb54,2025-11-08,https://github.com/pydantify/pydantify/releases/tag/v0.9.0,2022-09-19,https://github.com/pydantify/pydantify/commit/8f5de65d8087fdc989da441831749cae51c75ad8,9,https://github.com/pydantify/pydantify/graphs/contributors,,,,,,,,,,,,
pyeapi,,https://pyeapi.readthedocs.io/en/master/index.html,logos/dce872e7d3f3eebd69921896480078037be0229147a8018df21253b0f96b64f9.png,,,,,full-open-source,sdk,"BSD 3-Clause ""New"" or ""Revised"" License",,The Python Client for eAPI (pyeapi) is a native Python library wrapper around Arista EOS eAPI.,,,,,,,,,,,,Python Eco-System,Software Libraries,true,https://github.com/arista-eosplus/pyeapi,151,Python client for Arista eAPI,2025-10-23,https://github.com/arista-eosplus/pyeapi/commit/33b22f7106618b24e20ee76fdb5a45c1bb5f6c4a,2024-08-20,https://github.com/arista-eosplus/pyeapi/releases/tag/v1.0.4,2014-11-19,https://github.com/arista-eosplus/pyeapi/commit/73137f02a8096912fa21577c458e1ffd811a9477,52,https://github.com/arista-eosplus/pyeapi/graphs/contributors,,,,,,,,,,,,
PyEZ,,https://www.juniper.net/documentation/product/en_US/junos-pyez,logos/10ac94ab168145a58a8803135215f9488f6256b90f21f437115e5e56c14c5b20.png,,,,,full-open-source,sdk,Apache License 2.0,,Juniper PyEZ is a Python library for managing and automating Juniper devices. It provides a Pythonic interface to the NETCONF API and other management interfaces.,,,,,,,,,,,,Python Eco-System,Software Libraries,true,https://github.com/Juniper/py-junos-eznc,708,Python library for Junos automation,2026-01-16,https://github.com/Juniper/py-junos-eznc/commit/adc4d57eda3a4d4fe8505aeee6da71a658f3537b,2026-01-16,https://github.com/Juniper/py-junos-eznc/releases/tag/2.7.6,2013-10-12,https://github.com/Juniper/py-junos-eznc/commit/b92a6f8fc9df637e03f0b6e06d8498d491cb23aa,116,https://github.com/Juniper/py-junos-eznc/graphs/contributors,,,,,,,,,,,,
pyGNMI,,https://github.com/akarneliuk/pygnmi/,logos/0319da722a93eeaa145acb08be71853f99b7bcd271ca2c268c027d8ec014352f.png,,,,,full-open-source,sdk,"BSD 3-Clause ""New"" or ""Revised"" License",,Python gNMI client,,,,,,,,,,,,Python Eco-System,Software Libraries,true,https://github.com/akarneliuk/pygnmi,146,The pure Python implementation of the gNMI client.,2025-03-10,https://github.com/akarneliuk/pygnmi/commit/ccf168a5a80e3611d572cc7bac00ba8600aed47e,2025-03-10,https://github.com/akarneliuk/pygnmi/releases/tag/v0.8.15,2020-09-14,https://github.com/akarneliuk/pygnmi/commit/2a8f6ad96748f4a5be4f35b7fa758352a8cc668f,28,https://github.com/akarneliuk/pygnmi/graphs/contributors,,,,,,,,,https://www.youtube.com/watch?v=NooE_uHIgys&list=PLsTgo2tBPnTwmeP9zsd8B_tZR-kbguvla,,,
pygohcl,,https://github.com/Scalr/pygohcl,logos/36f1b7758dafbefad4392870bde345f97b1045328f12f9a033aeb664d6bd9836.png,,,,,full-open-source,sdk,,,"Python wrapper for hashicorp/hcl (v2). Provides Python bindings to parse HCL (HashiCorp Configuration Language) files, commonly used with Terraform configurations.",,,,,,,,,,,,Terraform Eco-System,TACOS (Terraform Automation and Collaboration tools),,https://github.com/Scalr/pygohcl,41,Python bindings to hashicorp/hcl parser,2025-12-09,https://github.com/Scalr/pygohcl/commit/3206bc2f855233d6b1e72ef77d76ee556c8aa8c0,2025-05-13,https://github.com/Scalr/pygohcl/releases/tag/v1.2.5,2020-04-19,https://github.com/Scalr/pygohcl/commit/f0da62edeca7d8f9de794f4f46365f20d4260c56,13,https://github.com/Scalr/pygohcl/graphs/contributors,,,,,,,,,,,,
PySROS,,https://network.developer.nokia.com/static/sr/learn/pysros/latest/index.html#,logos/f956117532b0c7ae02a137adf94a7fc6f4c6cd99f7b8ddffa0f7750d76ce5ae7.png,,,,,full-open-source,sdk,,,The pySROS libraries provide a model-driven management interface for Python developers to integrate with supported Nokia routers running the Service Router Operating System (SR OS).,,,,,,,,,,,,Python Eco-System,Software Libraries,,,,,,,,,,,,,,,,,,,,,,,,
rConfig,,https://www.rconfig.com/,logos/92cd2d3f44cfd3043828c73641d279dbf2b5c930b4ed847341a1bc1b5db28f38.png,,,,,freemium,collector,GNU General Public License v3.0,,"rConfig is a free, open source network device configuration management utility for network engineers to take frequent configuration snapshots of their network devices.",,,,,,,,,,,,Automation Tooling,Automation Platforms and Management,true,https://github.com/rconfig/rconfig,158,"🎉 V8 Core Released! Major upgrade complete - fully modernized codebase with new features, resolved deprecations, updated tests, and improved architecture. Ready for production use.",2026-01-23,https://github.com/rconfig/rconfig/commit/81f5cd70eb736687c54963451a52a781088414ae,,,2023-03-15,https://github.com/rconfig/rconfig/commit/520f60537321299c801a3f65d34ae9d973ea70e9,4,https://github.com/rconfig/rconfig/graphs/contributors,,,,,,,,,,,,
Red Hat Ansible Automation Platform,,https://www.redhat.com/en/technologies/management/ansible,logos/302399452405a1689c0fa727816271bf2ae2579bd4318399dc90e69275bf006d.png,,,,,enterprise,orchestration,,,Red Hat Ansible Automation Platform is a foundation for building and operating automation at scale. It includes all the tools needed to implement enterprise-wide automation.,,,,,,,,,,,,Automation Tooling,Automation Platforms and Management,,,,,,,,,,,,,,,,,,https://www.ansible.com/blog,,,https://www.youtube.com/ansibleautomation,,,
Robot Framework,,https://robotframework.org/,logos/26f9730724fa337b6f95c9ac1007ade5cd1c326a0437a0959be8b46125ae3de8.svg,,,,,full-open-source,observability,Apache License 2.0,,Robot Framework is an open-source automation framework for test automation and robotic process automation (RPA). It is supported by the Robot Framework Foundation and widely used in the industry.,,,,,,,,,,,,Network state,"Testing, Compliance & Querying",true,https://github.com/robotframework/robotframework,11370,Generic automation framework for acceptance testing and RPA,2026-01-21,https://github.com/robotframework/robotframework/commit/d36cf3f280b1d0a1c19d934782c41fe71c2d67f4,2025-12-23,https://github.com/robotframework/robotframework/releases/tag/v7.4.1,2013-07-22,https://github.com/robotframework/robotframework/commit/b917ec026256e9a06d9536599209e1725e84e24d,224,https://github.com/robotframework/robotframework/graphs/contributors,,,,,,,,,,,,
Rundeck,,https://www.rundeck.com/,logos/afa1ee2ab2646ed139bc83961815f8ac6139e78530cfe3e05c5eadd6d44cfb3c.svg,,,,,hybrid,orchestration,Apache License 2.0,,"Rundeck is an open source automation service with a web console, command line tools, and API. It lets you easily run automation tasks across a set of nodes.",,,,,,,,,,,,Automation Tooling,Automation Platforms and Management,true,https://github.com/rundeck/rundeck,6005,"Enable Self-Service Operations: Give specific users access to your existing tools, services, and scripts",2026-01-21,https://github.com/rundeck/rundeck/commit/adc13ef2bfad762b9314938aeefc0caf165f8a7a,2025-12-16,https://github.com/rundeck/rundeck/releases/tag/v5.18.0,2010-10-11,https://github.com/rundeck/rundeck/commit/41a2ce0991a2c32ffde06f623afb6ec3278fa4c2,273,https://github.com/rundeck/rundeck/graphs/contributors,,,,,,https://www.rundeck.com/blog,,,,,,
Salt,,https://saltproject.io,logos/a81ca3a206a6904b84f31410d8ce3d4d5b77533194cda2624f8f9a07775ad9e4.png,,,,,full-open-source,executor,Apache License 2.0,,"Salt is a powerful and flexible open-source software for remote execution, configuration management, and infrastructure orchestration. It's gaining popularity in network automation for its speed and scalability.",,,,,,,,,,,,Automation Tooling,Continuous Configuration Automation (CCA),true,https://github.com/saltstack/salt,15045,Software to automate the management and configuration of infrastructure and applications at scale.,2026-01-02,https://github.com/saltstack/salt/commit/85eecad75e4132624163314af6c3f4e551026381,2026-01-09,https://github.com/saltstack/salt/releases/tag/v3007.11,2011-02-20,https://github.com/saltstack/salt/commit/7578c4d9f429b91dd8df553fc6ed78f4c8b76e7c,4005,https://github.com/saltstack/salt/graphs/contributors,,,,,,https://saltproject.io/blog/,,,,,,
Scalr,,https://www.scalr.com/,logos/f24deb60e98c72088611369a2273ab1299ddd5f0e4804e91cf7bbfe43df0b01d.png,,https://www.crunchbase.com/organization/scalr,,,freemium,orchestration,,,"Scalr is a Terraform and OpenTofu Automation and Collaboration (TACO) platform that provides a comprehensive remote operations backend with centralized state management, policy enforcement, and enterprise-grade governance features.",,,,,,,,,,,,Terraform Eco-System,TACOS (Terraform Automation and Collaboration tools),,,,,,,,,,,,,,,,,,https://www.scalr.com/blog/,,,,,,
Scrapli,,https://github.com/carlmontanari/scrapli,logos/2581d6ae5b5fa55410e01b2c6e840772378f445d49abee87239efff564a4960f.svg,,,,,full-open-source,sdk,MIT License,,"Scrapli is a Python library focused on connecting to network devices (routers/switches/firewalls/etc.) via Telnet or SSH. It aims to be fast, flexible, and easy to use for both synchronous and asynchronous operations.",,,,,,,,,,,,Python Eco-System,Software Libraries,true,https://github.com/carlmontanari/scrapli,644,"Fast, flexible, sync/async, Python 3.9+ screen scraping client specifically for network devices",2025-10-22,https://github.com/carlmontanari/scrapli/commit/fdd963349823a93c84790b8ff304453095e6b734,2025-01-31,https://github.com/carlmontanari/scrapli/releases/tag/2025.01.30,2020-01-27,https://github.com/carlmontanari/scrapli/commit/487cef1320f4b531d5554544efe3a18873f56e3e,29,https://github.com/carlmontanari/scrapli/graphs/contributors,,,,,,,,,,,,
ScrapliGo,,https://github.com/scrapli/scrapligo,logos/d65e3ad94b934730b1e76d8b0a09c7e45c4e377edc3947deb2120ade2dc44070.svg,,,,,full-open-source,sdk,MIT License,,"Scrapligo is a Go library focused on connecting to devices, specifically network devices (routers/switches/firewalls/etc.) via SSH and NETCONF.",,,,,,,,,,,,GoLang Eco-System,Software Libraries,true,https://github.com/scrapli/scrapligo,284,"scrapli, but in go!",2025-10-30,https://github.com/scrapli/scrapligo/commit/76896db22638c7f321be95d9056dce2a497f944a,2024-11-11,https://github.com/scrapli/scrapligo/releases/tag/v1.3.3,2021-05-18,https://github.com/scrapli/scrapligo/commit/183d2e073927c9beefee0fa6611b1a5d1a66d71b,33,https://github.com/scrapli/scrapligo/graphs/contributors,,,,,,,,,,,,
Semaphore UI,,https://semaphoreui.com,logos/e1b7420800dafb43d5dc107fae350d4f136823a6feaf1dac23120a8c849d81c5.png,,,,,full-open-source,orchestration,MIT License,,"Semaphore UI is a powerful and user-friendly interface designed to manage Ansible automation projects efficiently. It provides a graphical user interface to simplify running, scheduling, and managing Ansible playbooks, making automation accessible to teams of all sizes.",,,,,,,,,,,,Automation Tooling,Automation Platforms and Management,true,https://github.com/semaphoreui/semaphore,13110,"Modern UI and powerful API for Ansible, Terraform/OpenTofu/Terragrunt, PowerShell and other DevOps tools.",2026-01-22,https://github.com/semaphoreui/semaphore/commit/be3817634bd8cfb6e228501c9db54095e9f6d8e4,2026-01-12,https://github.com/semaphoreui/semaphore/releases/tag/v2.16.51,2014-08-23,https://github.com/semaphoreui/semaphore/commit/82a40395d9edf1e593f475cd8c31b28e0199205b,183,https://github.com/ansible-semaphore/semaphore/graphs/contributors,,,,,,https://semaphoreui.com/blog,,https://semaphoreui.slack.com/,,,,
ServiceRadar,,https://serviceradar.cloud,logos/dfff75135b590b7284f5573e38b4bfe38536e4770f11f91173e7e8b407f402bc.svg,,,,,full-open-source,observability,Apache License 2.0,,"ServiceRadar is an open-source, distributed network monitoring system designed for security and performance in constrained or hard-to-reach environments. It uses a zero-trust architecture with lightweight agents to provide real-time monitoring, alerting, and network discovery.",,,,,,,,,,,,Network state,Network Discovery/Assurance,true,https://github.com/carverauto/serviceradar,484,opensource network management and observability platform,2026-01-23,https://github.com/carverauto/serviceradar/commit/74d78d4649291708be7b20249301e14a435f3a81,2026-01-21,https://github.com/carverauto/serviceradar/releases/tag/v1.0.82,2025-01-13,https://github.com/carverauto/serviceradar/commit/a36dcd551227e998e3d26be5faeb5a9cdc1a65c6,6,https://github.com/carverauto/serviceradar/graphs/contributors,,,,,,,,,,,,
ServiceRadar,,https://serviceradar.cloud,logos/dfff75135b590b7284f5573e38b4bfe38536e4770f11f91173e7e8b407f402bc.svg,,,,,full-open-source,observability,Apache License 2.0,,"ServiceRadar is an open-source, distributed network monitoring system designed for security and performance in constrained or hard-to-reach environments. It uses a zero-trust architecture with lightweight agents to provide real-time monitoring, alerting, and network discovery.",,,,,,,,,,,,Telemetry and observability,Monitoring & Alerting,true,https://github.com/carverauto/serviceradar,484,opensource network management and observability platform,2026-01-23,https://github.com/carverauto/serviceradar/commit/74d78d4649291708be7b20249301e14a435f3a81,2026-01-21,https://github.com/carverauto/serviceradar/releases/tag/v1.0.82,2025-01-13,https://github.com/carverauto/serviceradar/commit/a36dcd551227e998e3d26be5faeb5a9cdc1a65c6,6,https://github.com/carverauto/serviceradar/graphs/contributors,,,,,,https://docs.serviceradar.cloud/blog,,,,,,
Slurpit,,https://slurpit.io,logos/c4212051c1389337cede5c3b385416c620f4d7dfdde086fb3e37fc1d3808b5e2.png,,https://www.crunchbase.com/organization/cloud-native-computing-foundation,,,freemium,observability,,,Slurp’it is a powerful and easy-to-use network discovery solution that offers 100% accurate network inventory. No coding required.,,,,,,,,,,,,Network state,Network Discovery/Assurance,,,,,,,,,,,,,,,,,,,,,,,,
Spacelift,,https://spacelift.io/,logos/07a3220ddaf39fdc1a5ac0b88d80d2f949cde23f425f32d2673c79d3f4584563.png,,,,,saas,orchestration,,,Spacelift is a sophisticated SaaS-delivered infrastructure management platform that enables infrastructure automation through software development practices.,,,,,,,,,,,,Automation Tooling,Automation Platforms and Management,,,,,,,,,,,,,,,,,,https://spacelift.io/blog,,,,,,
Splunk,,https://www.splunk.com/,logos/d8d8af275a8a11d50a885cb2249f642c46113a62c1182bc9c6ef0f44553086f6.svg,,https://www.crunchbase.com/organization/splunk,,,hybrid,observability,,,"Splunk [a Cisco company] is a software platform for searching, monitoring, and analyzing machine-generated big data, via a web-style interface. It captures, indexes, and correlates real-time data in a searchable repository, from which it can generate graphs, reports, alerts, dashboards, and visualizations.",,,,,,,,,,,,Telemetry and observability,Monitoring & Alerting,,,,,,,,,,,,,,,,,,https://www.splunk.com/en_us/blog.html,,,https://www.youtube.com/user/splunkvideos,,,
StackStorm,,https://stackstorm.com/,logos/ba5320ab111a5dce33b048a3385e224be350c5cffa1c5452635857f3cb6e5dac.jpg,,,,,full-open-source,orchestration,Apache License 2.0,,"StackStorm (aka ""IFTTT for Ops"") is event-driven automation for auto-remediation, incident responses, troubleshooting, deployments, and more for DevOps and SREs",,,,,,,,,,,,Automation Tooling,Automation Platforms and Management,true,https://github.com/StackStorm/st2,6405,"StackStorm (aka ""IFTTT for Ops"") is event-driven automation for auto-remediation, incident responses, troubleshooting, deployments, and more for DevOps and SREs. Includes rules engine, workflow, 160 integration packs with 6000+ actions (see https://exchange.stackstorm.org) and ChatOps. Installer at https://docs.stackstorm.com/install/index.html",2026-01-14,https://github.com/StackStorm/st2/commit/5f1d6d615a83df0f0598fc35c027bbb02b6181dc,2026-01-12,https://github.com/StackStorm/st2/releases/tag/v3.9.0,2014-04-23,https://github.com/StackStorm/st2/commit/6627d4ab1c99c55a6a485cae959a8e76b478cc94,225,https://github.com/StackStorm/st2/graphs/contributors,,,,,,,,,,,,
SuzieQ,,https://www.suzieq.io/,logos/93ca0a0e3c703bb44c6404c21a613eeef875bbda55987bd0d3ee12f2509cf6d7.png,,,,,freemium,observability,Apache License 2.0,,"An open-source, multivendor network observability platform for cloud-first networks.",,,,,,,,,,,,Network state,"Testing, Compliance & Querying",true,https://github.com/netenglabs/suzieq,856,Using network observability to operate and design healthier networks,2025-05-09,https://github.com/netenglabs/suzieq/commit/584b22abb1d66f8cb50da76f35f0522b1607bff7,2025-05-09,https://github.com/netenglabs/suzieq/releases/tag/v0.24.0,2020-01-07,https://github.com/netenglabs/suzieq/commit/bae56ef39cf61902457791b7465389173f1106bb,32,https://github.com/netenglabs/suzieq/graphs/contributors,,,,,,https://www.stardustsystems.net/blog,,,,,,
Telegraf,,https://www.influxdata.com/time-series-platform/telegraf/,logos/c0fd56870171e3ebfa2835cb9198071aa3a6dfd2ad293e2734d923d3ff982ef6.png,,,,,full-open-source,collector,MIT License,,"Telegraf is a plugin-driven server agent for collecting and reporting metrics. It has integrations to source a variety of metrics, events, and logs directly from containers and systems it's running on, as well as pulling metrics from third-party APIs.",,,,,,,,,,,,Telemetry and observability,Telemetry & Data Collection,true,https://github.com/influxdata/telegraf,16653,"Agent for collecting, processing, aggregating, and writing metrics, logs, and other arbitrary data.",2026-01-22,https://github.com/influxdata/telegraf/commit/a7175df579623db3512664b676600cb0b659524c,2026-01-12,https://github.com/influxdata/telegraf/releases/tag/v1.37.1,2015-04-01,https://github.com/influxdata/telegraf/commit/b8e13890a9623b7cfdf3569c0cd579e3814339dc,1500,https://github.com/influxdata/telegraf/graphs/contributors,,,,,,https://www.influxdata.com/blog/,,,https://www.youtube.com/influxdata,,,
Temporal,,https://temporal.io/,logos/d12d353299e539dd716b2ab211d1b59b23a8ee702cc391bbb3ea6702649e17b5.svg,,,,,hybrid,orchestration,MIT License,,Temporal is a microservice orchestration platform that enables developers to build scalable and reliable applications using durable execution.,,,,,,,,,,,,Automation Tooling,Workflow DAGs,true,https://github.com/temporalio/temporal,17874,Temporal service,2026-01-23,https://github.com/temporalio/temporal/commit/364721599c7499ff9a732c01dc90cf701d3c6983,2025-12-30,https://github.com/temporalio/temporal/releases/tag/v1.29.2,2016-10-24,https://github.com/temporalio/temporal/commit/685242e53fb0c0d9cbdd62fc7725418b528506eb,255,https://github.com/temporalio/temporal/graphs/contributors,,,,,,https://temporal.io/blog,,https://temporal.io/slack,https://www.youtube.com/temporalio,,,
Terraform,,https://www.terraform.io,logos/371135a1fdd0c702557c60a49a8e4686de3478c178dc5dddb3fa35e4b8b540cf.png,,,,,hybrid,executor,Other,,"Terraform is an open-source infrastructure as code software tool that provides a consistent CLI workflow to manage hundreds of cloud services. While primarily focused on cloud infrastructure, it's increasingly used for network automation, especially in cloud-native environments.",,,,,,,,,,,,Automation Tooling,Continuous Configuration Automation (CCA),true,https://github.com/hashicorp/terraform,47512,"Terraform enables you to safely and predictably create, change, and improve infrastructure. It is a source-available tool that codifies APIs into declarative configuration files that can be shared amongst team members, treated as code, edited, reviewed, and versioned.",2026-01-23,https://github.com/hashicorp/terraform/commit/ac3e32b62bdd35dad7cc3e9ad000119fdb537f65,2025-12-17,https://github.com/hashicorp/terraform/releases/tag/v1.14.3,2014-05-21,https://github.com/hashicorp/terraform/commit/649cf336e86da10910f6e50ea3cfaad507a2e336,2313,https://github.com/hashicorp/terraform/graphs/contributors,,,,,,https://www.hashicorp.com/blog/products/terraform,,,https://www.youtube.com/hashicorp,,,
Terragrunt,,https://terragrunt.gruntwork.io/,logos/ba3adbba2d4a2ab2e0dd604efbe8d04db044e60cd022bb5e3fb878cdd422b4d1.svg,,,,,full-open-source,orchestration,MIT License,,"Terragrunt is a thin wrapper that provides extra tools for keeping your configurations DRY, working with multiple Terraform modules, and managing remote state.",,,,,,,,,,,,Terraform Eco-System,TACOS (Terraform Automation and Collaboration tools),true,https://github.com/gruntwork-io/terragrunt,9227,Terragrunt is a flexible orchestration tool that allows Infrastructure as Code written in OpenTofu/Terraform to scale.,2026-01-23,https://github.com/gruntwork-io/terragrunt/commit/648cc3fe138e0ed5e9a7be112d416276611e9c0f,2026-01-20,https://github.com/gruntwork-io/terragrunt/releases/tag/v0.98.0,2016-05-23,https://github.com/gruntwork-io/terragrunt/commit/493637bc77831a119f3083b9a45f6275d5792fd7,334,https://github.com/gruntwork-io/terragrunt/graphs/contributors,,,,,,https://blog.gruntwork.io/,,,,,,
Terrakube,,https://terrakube.io/,logos/2aa779634c3145634f5dfface68d857c8942dcb965cedefd3212b0e78a47ef17.png,,,,,full-open-source,orchestration,Apache License 2.0,,"Terrakube is an open-source Infrastructure as Code (IaC) automation and collaboration platform that provides a comprehensive alternative to Terraform Enterprise and Terraform Cloud. Built with Kubernetes-native architecture, it enables teams to manage Terraform and OpenTofu workflows at scale with enterprise-grade features including remote state management, private registries, policy enforcement, and dynamic credential management.",,,,,,,,,,,,Terraform Eco-System,TACOS (Terraform Automation and Collaboration tools),true,https://github.com/terrakube-io/terrakube,814,Open source IaC Automation and Collaboration Software.,2026-01-23,https://github.com/terrakube-io/terrakube/commit/355fe119c5376a1fa7485dddcccd409a04bcb4a4,2026-01-21,https://github.com/terrakube-io/terrakube/releases/tag/2.29.1,2021-03-19,https://github.com/terrakube-io/terrakube/commit/87312e3ab49bc61c233110a50d0053b26ce6afa9,42,https://github.com/terrakube-io/terrakube/graphs/contributors,,,,,,https://medium.com/terrakube,,,,,,
Terramate,,https://terramate.io,logos/dda6c0e5578317868f82050ce5693aeb00e2e58c4396baaadac73da1c68677b6.svg,,,,,hybrid,orchestration,Mozilla Public License 2.0,,"Terramate is an open-source Infrastructure as Code (IaC) orchestration and code generation platform that helps teams simplify, scale, and automate Terraform, OpenTofu, Terragrunt, and other IaC tools. It provides stack-based infrastructure management, GitOps workflows, and seamless integration with existing CI/CD systems.",,,,,,,,,,,,Terraform Eco-System,TACOS (Terraform Automation and Collaboration tools),true,https://github.com/terramate-io/terramate,3500,"Open-source Infrastructure as Code (IaC) orchestration platform: GitOps workflows, orchestration, code generation, observability, drift detection, asset management, policies, Slack notifications, and more. Integrates with Terraform, OpenTofu, Terragrunt, Kubernetes, GitHub Actions, GitLab CI/CD, BitBucket Pipelines, and any other CI/CD platform.",2026-01-20,https://github.com/terramate-io/terramate/commit/82772c1b00aeafb6339f9a48f474f383b261b857,2026-01-20,https://github.com/terramate-io/terramate/releases/tag/v0.15.5,2021-09-29,https://github.com/terramate-io/terramate/commit/9f871f959c6d44c79b69fa7cd1294f4844ead711,32,https://github.com/terramate-io/terramate/graphs/contributors,,,,,,https://terramate.io/rethinking-iac/,,,,,,
Terrateam,,https://terrateam.io,logos/b23e2c34ae847dcb20f64f61a55bf4ea4788ea0cd50b652369b83fb61d86f406.svg,,https://www.crunchbase.com/organization/terrateam,,,hybrid,orchestration,Mozilla Public License 2.0,,"Terrateam is an open-source GitOps infrastructure orchestration platform that automates Terraform, OpenTofu, CDKTF, Terragrunt, and Pulumi workflows through GitHub and GitLab pull requests. Built with OCaml for performance and type safety, it provides enterprise-grade features including OIDC authentication, policy enforcement, and unlimited parallel execution while maintaining GitHub-native simplicity.",,,,,,,,,,,,Terraform Eco-System,TACOS (Terraform Automation and Collaboration tools),true,https://github.com/terrateamio/terrateam,1158,"Terrateam is open-source GitOps infrastructure orchestration. It integrates with GitHub to automate Terraform, OpenTofu, CDKTF, Terragrunt, and Pulumi workflows through pull requests.",2026-01-23,https://github.com/terrateamio/terrateam/commit/f640c343152cc8c09b87c427632f88c996b1eb91,2026-01-23,https://github.com/terrateamio/terrateam/releases/tag/20260123-1501-f640c34,2009-10-20,https://github.com/terrateamio/terrateam/commit/1db04b8702f1bccd918d9222b7c722a8d769e1d0,79,https://github.com/terrateamio/terrateam/graphs/contributors,,,,,,https://terrateam.io/blog/,,https://terrateam.io/slack,,,,
TofuPy,,https://github.com/robertmhafner/tofupy,logos/cf40207f963a9a5c04116eb2b900bb534790b4214f6c640f930fcc8450ef4882.svg,,,,,full-open-source,sdk,,,"TofuPy is a Python wrapper library around OpenTofu and Terraform that provides a high-level interface for Infrastructure as Code operations. It handles JSON output parsing, provides structured data objects, and supports streaming events for plan and apply operations.",,,,,,,,,,,,Terraform Eco-System,TACOS (Terraform Automation and Collaboration tools),,,,,,,,,,,,,,,,,,,,,,,,
torero.dev,,https://torero.dev,logos/57f4744c8a2bfd40ba3d82571f21673c5a9393046d790f838dc149e781a35258.png,,,,,closed-core,executor,,,"Closed source with restrictive EULA, proprietary network automation tool to launch python and ansible playbooks, I have no idea who would want this.",,,,,,,,,,,,Automation Tooling,Automation Platforms and Management,,,,,,,,,,,,,,,,,,,,,,,,
TTP,,https://github.com/dmulyalin/ttp,logos/8306ad871551aa9ab6ac4fbf475571251ca442bb8dfa7a4073496f06a160e3f1.png,,,,,full-open-source,sdk,MIT License,,Template Text Parser is a Python library for semi-structured text parsing using templates.,,,,,,,,,,,,Python Eco-System,Software Libraries,true,https://github.com/dmulyalin/ttp,381,Template Text Parser,2025-11-02,https://github.com/dmulyalin/ttp/commit/1816d93c39d456e3d171491e135d8f05e39c0239,2025-11-02,https://github.com/dmulyalin/ttp/releases/tag/0.10.0,2019-10-18,https://github.com/dmulyalin/ttp/commit/1dddc309df07baff08d3dbab2b500483f08be363,6,https://github.com/dmulyalin/ttp/graphs/contributors,,,,,,,,,,,,
Windmill,,https://www.windmill.dev,logos/a76d60938f3260cb0b65b065c221da39941a18cea838f075fe4c8ee55d2deb97.svg,,https://www.crunchbase.com/organization/windmill-labs,,,hybrid,orchestration,Other,,"Windmill is an open-source workflow engine and developer platform that turns scripts into auto-generated UIs, APIs, and workflows. Supporting 20+ languages including Python, TypeScript, Go, and Bash, it provides a code-first approach to automation with low-code visual workflow builders and comprehensive observability.",,,,,,,,,,,,Automation Tooling,Workflow DAGs,true,https://github.com/windmill-labs/windmill,15623,"Open-source developer platform to power your entire infra and turn scripts into webhooks, workflows and UIs. Fastest workflow engine (13x vs Airflow). Open-source alternative to Retool and Temporal.",2026-01-23,https://github.com/windmill-labs/windmill/commit/8541cdba4ced45cf5d53a4c5291c58b0a272b375,2026-01-23,https://github.com/windmill-labs/windmill/releases/tag/v1.614.0,2022-05-05,https://github.com/windmill-labs/windmill/commit/2e132878e466dd8c5a58a15455919312490f8707,140,https://github.com/windmill-labs/windmill/graphs/contributors,,,,,,https://www.windmill.dev/blog,,,,,,
Workflow Orchestrator,,https://workfloworchestrator.org,logos/dfaa102e088c650f9565d327808285d3c238c142660ee79aebfdae40c509f274.svg,,,,,full-open-source,orchestration,Apache License 2.0,,"The Workflow Orchestrator is a framework of tools that help the developer create workflow to modify the lifecycle of subscribed products. It is un-opinionated in what it can orchestrate, but very opinionated in how. The Orchestrator is designed to run linear workflows that represent the business process of delivering a product.",,,,,,,,,,,,Automation Tooling,Automation Platforms and Management,true,https://github.com/workfloworchestrator/orchestrator-core,65,The workflow orchestrator core repository,2026-01-22,https://github.com/workfloworchestrator/orchestrator-core/commit/c1c19a0893b34751088d87b35dcedf997304cddc,2026-01-19,https://github.com/workfloworchestrator/orchestrator-core/releases/tag/4.7.1,2020-10-08,https://github.com/workfloworchestrator/orchestrator-core/commit/4bd2d5ca7160861223fefc8881a77fd1d4dfdbed,51,https://github.com/workfloworchestrator/orchestrator-core/graphs/contributors,,,,,,,,,,,,
xyOps,,https://xyops.io,logos/58e1d15f2517c749db12046110214df0b5cb07a4d619e0c77bc01262cdff3a30.png,,,,,full-open-source,orchestration,"BSD 3-Clause ""New"" or ""Revised"" License",,"xyOps is a next-generation system for job scheduling, workflow automation, server monitoring, alerting, and incident response -- all combined into a single, cohesive platform. It's built for developers and operations teams who want to control their automation stack without surrendering data, freedom, or visibility.",,,,,,,,,,,,Automation Tooling,Workflow DAGs,true,https://github.com/pixlcore/xyops,1610,A complete workflow automation and server monitoring system.,2026-01-23,https://github.com/pixlcore/xyops/commit/875eb39d299da7743da374add82fa971ec452d8e,2026-01-23,https://github.com/pixlcore/xyops/releases/tag/v0.9.36,2024-04-23,https://github.com/pixlcore/xyops/commit/428f18212b8d85fa7b31e053959e2ae130a79014,1,https://github.com/pixlcore/xyops/graphs/contributors,,,,,,,,,,,,
ygot,,https://github.com/openconfig/ygot,logos/09f24de966f974bcb32020364c7f66e60447930322240b79344ccbcd93432856.png,,,,,full-open-source,sdk,Apache License 2.0,,A YANG-centric Go toolkit - Go/Protobuf Code Generation; Validation; Marshaling/Unmarshaling,,,,,,,,,,,,GoLang Eco-System,Software Libraries,true,https://github.com/openconfig/ygot,316,A YANG-centric Go toolkit - Go/Protobuf Code Generation; Validation; Marshaling/Unmarshaling,2025-10-27,https://github.com/openconfig/ygot/commit/b29aaff73a4d62bd0628549fc1731f9fdf0dfcb0,2025-09-03,https://github.com/openconfig/ygot/releases/tag/v0.34.0,2017-08-15,https://github.com/openconfig/ygot/commit/0ee5916ffe8ffe906542281d02554ca3fbda714f,42,https://github.com/openconfig/ygot/graphs/contributors,,,,,,,,,,,,
yq,,https://github.com/mikefarah/yq,logos/0b8a4ee229cf3d032f79dc9dd271aaa2941676356818bb98d138cb4a62da1557.svg,,,,,full-open-source,tool,MIT License,,"yq is a portable command-line YAML, JSON, XML, CSV and properties processor. It's written in Go and works seamlessly across platforms with consistent, intuitive syntax for data manipulation and transformation.",,,,,,,,,,,,Automation Tooling,Data Processing Tools,true,https://github.com/mikefarah/yq,14752,"yq is a portable command-line YAML, JSON, XML, CSV, TOML, HCL  and properties processor",2026-01-22,https://github.com/mikefarah/yq/commit/5f90039bdc6756f8753194152a67e1fe96957e7f,2025-12-14,https://github.com/mikefarah/yq/releases/tag/v4.50.1,2015-09-26,https://github.com/mikefarah/yq/commit/66e832a1fc80dfee0415b1c1877ce08379eb1ecc,148,https://github.com/mikefarah/yq/graphs/contributors,,,,,,,,,,,,
Zabbix,,https://www.zabbix.com/,logos/9e7daceda830e871b9226a88d936eb7ebd1bf8d018a7b0250450856b9bc23231.png,,,,,full-open-source,observability,GNU Affero General Public License v3.0,,An enterprise-class open source distributed monitoring solution for networks and applications.,,,,,,,,,,,,Telemetry and observability,Monitoring & Alerting,true,https://github.com/zabbix/zabbix,5594,"Real-time monitoring of IT components and services, such as networks, servers, VMs, applications and the cloud.",2026-01-23,https://github.com/zabbix/zabbix/commit/0b38eb96b6fa3848eaf67b11e3d5c1b60f8b59bb,,,2001-03-28,https://github.com/zabbix/zabbix/commit/cedf98f7d6709022f5a7119da6323c1922bc07b6,186,https://github.com/zabbix/zabbix/graphs/contributors,,,,,,https://blog.zabbix.com/,https://lists.sourceforge.net/lists/listinfo/zabbix-users,https://zabbix.com/community,https://www.youtube.com/user/ZabbixSIA,,,
ZPE Systems,,https://zpesystems.com/,logos/184f30a9e2ec06a949f3e2bda6b2b8a772e2d4dbbcb594e8e1955a878778c64f.png,,,,,enterprise,orchestration,,,"ZPE Systems provides innovative network infrastructure solutions, including the Nodegrid platform for out-of-band management, NetOps automation, and edge computing. Their solutions enable organizations to automate, secure, and manage critical network infrastructure.",,,,,,,,,,,,Automation Tooling,Automation Platforms and Management,,,,,,,,,,,,,,,,,,https://zpesystems.com/blog/,,,,,,
